,date,ticker
0,2021-01-04,"['ITX' 'ACX_2' 'NTGY' 'SLR' 'MAP_2' 'CABK' 'AENA' 'SGRE' 'ANA_2' 'MRL'
 'MEL' 'ACS' 'BKT']"
1,2021-01-05,['SLR' 'AENA' 'MEL' 'ACS' 'ANA_2' 'ACX_2' 'SGRE' 'ITX' 'MAP_2' 'NTGY']
2,2021-01-06,"['ACS' 'SGRE' 'MAP_2' 'SLR' 'NTGY' 'AENA' 'ACX_2' 'AMS_1' 'MRL' 'ENG'
 'ANA_2' 'ITX' 'MEL' 'BKT' 'CABK']"
3,2021-01-07,"['ACS' 'ACX_2' 'ANA_2' 'MAP_2' 'MRL' 'SLR' 'MEL' 'ITX' 'CABK' 'BKT' 'AENA'
 'NTGY' 'PHM']"
4,2021-01-08,"['ANA_2' 'CABK' 'AENA' 'NTGY' 'ACX_2' 'MEL' 'ITX' 'ACS' 'MRL' 'MAP_2'
 'BKT' 'MTS' 'SLR']"
5,2021-01-11,"['SLR' 'ITX' 'MAP_2' 'CABK' 'BKT' 'AENA' 'MRL' 'ACX_2' 'MTS' 'ANA_2'
 'NTGY' 'MEL' 'PHM']"
6,2021-01-12,"['SLR' 'MEL' 'ELE_1' 'MAP_2' 'AENA' 'BKT' 'ITX' 'FER' 'NTGY' 'ANA_2'
 'ACX_2' 'MTS' 'CABK' 'MRL']"
7,2021-01-13,"['CABK' 'MTS' 'ACX_2' 'ANA_2' 'AENA' 'MAP_2' 'SLR' 'FER' 'NTGY' 'MRL'
 'MEL' 'ITX' 'AMS_1' 'BKT']"
8,2021-01-14,"['NTGY' 'AENA' 'ANA_2' 'BKT' 'MRL' 'CABK' 'MAP_2' 'ITX' 'ACX_2' 'MEL'
 'IDR' 'SLR' 'MTS' 'FER' 'AMS_1']"
9,2021-01-15,"['MEL' 'BKT' 'NTGY' 'MRL' 'ANA_2' 'AENA' 'CLNX' 'CIE' 'MTS' 'CABK' 'FER'
 'ITX' 'SLR' 'ACX_2' 'ENG' 'MAP_2']"
10,2021-01-18,"['MRL' 'ANA_2' 'NTGY' 'MAP_2' 'CIE' 'MTS' 'BKT' 'ACS' 'CLNX' 'PHM' 'CABK'
 'SLR' 'ACX_2' 'MEL' 'AENA' 'ITX' 'FER']"
11,2021-01-19,"['ACX_2' 'AENA' 'ACS' 'CLNX' 'MAP_2' 'ENG' 'MTS' 'PHM' 'CABK' 'FER' 'MEL'
 'CIE' 'BKT' 'NTGY' 'MRL' 'ITX' 'ANA_2' 'SLR']"
12,2021-01-20,"['AENA' 'ANA_2' 'ENG' 'MRL' 'SLR' 'BKT' 'CABK' 'MEL' 'MAP_2' 'ITX' 'FER'
 'CIE' 'CLNX' 'ACS' 'NTGY' 'ACX_2' 'PHM' 'MTS']"
13,2021-01-21,"['ITX' 'CABK' 'FER' 'NTGY' 'BKT' 'CIE' 'SLR' 'MAP_2' 'ELE_1' 'MEL' 'ENG'
 'AENA' 'PHM' 'CLNX' 'MTS' 'ACX_2' 'ANA_2' 'ACS' 'COL_1' 'MRL']"
14,2021-01-22,"['AENA' 'BKT' 'CIE' 'NTGY' 'ACS' 'MAP_2' 'SLR' 'MEL' 'MTS' 'COL_1' 'ITX'
 'FER' 'PHM' 'ANA_2' 'BKIA_1' 'MRL' 'ACX_2' 'ENG' 'ELE_1']"
15,2021-01-25,"['MEL' 'BKIA_1' 'MAP_2' 'PHM' 'AENA' 'ELE_1' 'FER' 'ACX_2' 'SLR' 'ANA_2'
 'CIE' 'ACS' 'NTGY' 'ENG' 'COL_1']"
16,2021-01-26,"['SLR' 'CLNX' 'BKT' 'AENA' 'COL_1' 'ACS' 'CABK' 'ELE_1' 'MRL' 'FER'
 'BKIA_1' 'MEL' 'NTGY' 'PHM' 'ACX_2' 'MAP_2' 'CIE' 'ITX' 'ANA_2']"
17,2021-01-27,"['MEL' 'COL_1' 'NTGY' 'PHM' 'FER' 'CLNX' 'ANA_2' 'AENA' 'MAP_2' 'CIE'
 'ACS' 'ITX' 'SGRE' 'ELE_1' 'ACX_2' 'MRL' 'BKIA_1']"
18,2021-01-28,"['ANA_2' 'BKT' 'CLNX' 'MAP_2' 'FER' 'NTGY' 'PHM' 'SGRE' 'BKIA_1' 'ELE_1'
 'AENA' 'ACX_2' 'MEL' 'ITX' 'CIE' 'COL_1' 'SLR' 'ACS' 'MRL']"
19,2021-01-29,"['ACS' 'PHM' 'SGRE' 'BKT' 'MAP_2' 'ELE_1' 'CLNX' 'FER' 'MEL' 'CABK' 'NTGY'
 'ACX_2' 'BKIA_1' 'COL_1' 'ITX' 'CIE' 'ANA_2' 'MRL']"
20,2021-02-01,"['CLNX' 'ACX_2' 'MAP_2' 'CIE' 'ACS' 'NTGY' 'GRF' 'COL_1' 'BKIA_1' 'SGRE'
 'MEL']"
21,2021-02-02,"['ITX' 'MRL' 'GRF' 'COL_1' 'MAP_2' 'ACX_2' 'ANA_2' 'MEL' 'SGRE' 'CIE'
 'CLNX' 'NTGY' 'ACS']"
22,2021-02-03,"['CLNX' 'GRF' 'BKT' 'COL_1' 'MAP_2' 'CABK' 'ACS' 'IAG' 'ELE_1' 'MRL'
 'AMS_1' 'ACX_2' 'FER' 'AENA' 'NTGY' 'SGRE' 'ITX' 'MEL']"
23,2021-02-04,"['CLNX' 'COL_1' 'ITX' 'NTGY' 'MAP_2' 'AENA' 'ACS' 'IAG' 'BKT' 'MEL' 'CABK'
 'ELE_1' 'GRF' 'SGRE' 'FER' 'MRL' 'ACX_2']"
24,2021-02-05,"['FER' 'CABK' 'ITX' 'COL_1' 'ELE_1' 'CLNX' 'AENA' 'MRL' 'SGRE' 'MEL'
 'ACX_2' 'ACS' 'MAP_2' 'GRF' 'NTGY' 'BKT']"
25,2021-02-08,"['SLR' 'GRF' 'AENA' 'CLNX' 'BKT' 'IAG' 'COL_1' 'CABK' 'ACX_2' 'MEL' 'SGRE'
 'ACS' 'MRL' 'MAP_2' 'ITX' 'FER' 'ELE_1' 'NTGY']"
26,2021-02-09,"['COL_1' 'CABK' 'MEL' 'ACS' 'ACX_2' 'SGRE' 'MAP_2' 'FER' 'MRL' 'GRF'
 'CLNX' 'ITX' 'BKT' 'ELE_1' 'AENA' 'NTGY']"
27,2021-02-10,"['CABK' 'ACS' 'GRF' 'ELE_1' 'NTGY' 'ITX' 'FER' 'MRL' 'COL_1' 'MEL' 'BKT'
 'MAP_2' 'CLNX' 'ACX_2']"
28,2021-02-11,"['COL_1' 'IDR' 'MRL' 'ACX_2' 'ITX' 'GRF' 'MEL' 'CLNX' 'SGRE' 'BKT' 'CABK'
 'ELE_1' 'ACS' 'MAP_2' 'NTGY']"
29,2021-02-12,"['CABK' 'ELE_1' 'ACS' 'MRL' 'SGRE' 'COL_1' 'MAP_2' 'ANA_2' 'CLNX' 'ACX_2'
 'BKT' 'GRF' 'ITX' 'NTGY']"
30,2021-02-15,"['ACX_2' 'MAP_2' 'CABK' 'MEL' 'BKT' 'AENA' 'COL_1' 'IAG' 'ELE_1' 'MRL'
 'ACS' 'GRF' 'SGRE' 'FER' 'CLNX' 'ITX' 'NTGY']"
31,2021-02-16,"['AENA' 'GRF' 'MRL' 'ACX_2' 'ELE_1' 'NTGY' 'IAG' 'FER' 'MEL' 'ACS' 'ITX'
 'MAP_2' 'BKT' 'COL_1' 'SGRE' 'CLNX' 'CABK']"
32,2021-02-17,"['IAG' 'NTGY' 'IDR' 'ELE_1' 'MEL' 'ACX_2' 'ACS' 'BKT' 'SGRE' 'GRF' 'COL_1'
 'CABK' 'MAP_2' 'ITX' 'MRL' 'CLNX' 'AENA']"
33,2021-02-18,"['GRF' 'IAG' 'MEL' 'IDR' 'BKT' 'NTGY' 'MRL' 'MAP_2' 'ITX' 'ELE_1' 'COL_1'
 'CABK' 'CLNX' 'ACX_2']"
34,2021-02-19,"['MEL' 'NTGY' 'CABK' 'IDR' 'COL_1' 'IAG' 'ACX_2' 'BKT' 'GRF' 'CLNX' 'MRL'
 'MAP_2' 'ELE_1' 'SGRE' 'ITX']"
35,2021-02-22,"['MRL' 'MAP_2' 'COL_1' 'IDR' 'ELE_1' 'CABK' 'ACX_2' 'IAG' 'CLNX' 'GRF'
 'AENA' 'NTGY' 'MEL' 'ITX']"
36,2021-02-23,"['IAG' 'MRL' 'CABK' 'MAP_2' 'IDR' 'BKT' 'ITX' 'AENA' 'COL_1' 'SGRE'
 'ACX_2' 'MEL' 'CLNX' 'GRF' 'ELE_1' 'NTGY' 'FER']"
37,2021-02-24,"['ITX' 'BKT' 'COL_1' 'MRL' 'AENA' 'CABK' 'ELE_1' 'FER' 'ACX_2' 'IAG'
 'AMS_1' 'IDR' 'GRF' 'NTGY' 'MAP_2' 'CLNX' 'MEL']"
38,2021-02-25,"['FER' 'IDR' 'MRL' 'ELE_1' 'AMS_1' 'COL_1' 'ACX_2' 'CABK' 'NTGY' 'MEL'
 'IAG' 'AENA' 'BKT' 'MAP_2' 'ITX' 'CLNX' 'GRF']"
39,2021-02-26,"['MAP_2' 'CABK' 'COL_1' 'ITX' 'ACX_2' 'SGRE' 'MEL' 'BKT' 'AENA' 'IDR'
 'MRL' 'GRF' 'IAG' 'NTGY' 'ELE_1']"
40,2021-03-01,"['REP' 'ELE_1' 'AMS_1' 'MRL' 'SGRE' 'ITX' 'CABK' 'AENA' 'BKT' 'IDR' 'MEL'
 'IAG' 'ACX_2' 'COL_1' 'GRF' 'NTGY']"
41,2021-03-02,"['SGRE' 'COL_1' 'IDR' 'CABK' 'ITX' 'PHM' 'MEL' 'AMS_1' 'ELE_1' 'IAG' 'BKT'
 'GRF' 'MRL' 'AENA' 'CLNX' 'ACX_2' 'NTGY']"
42,2021-03-03,"['IDR' 'ACS' 'MRL' 'BKT' 'CLNX' 'PHM' 'NTGY' 'ITX' 'ACX_2' 'IAG' 'ELE_1'
 'ANA_2' 'REP' 'COL_1' 'AMS_1' 'CABK' 'AENA' 'MEL' 'GRF']"
43,2021-03-04,"['COL_1' 'MRL' 'IDR' 'BKT' 'CABK' 'GRF' 'MEL' 'ACX_2' 'ANA_2' 'NTGY' 'PHM'
 'IAG' 'AMS_1' 'CLNX' 'ACS' 'AENA' 'ITX']"
44,2021-03-05,"['AENA' 'COL_1' 'MEL' 'ANA_2' 'CABK' 'GRF' 'IAG' 'IDR' 'ACS' 'MRL' 'ACX_2'
 'ITX' 'NTGY' 'CLNX' 'BKT' 'PHM']"
45,2021-03-08,"['AMS_1' 'CABK' 'PHM' 'MRL' 'CLNX' 'IAG' 'TEF' 'ANA_2' 'ACX_2' 'GRF' 'ACS'
 'ITX' 'IDR' 'MEL' 'BKT' 'COL_1']"
46,2021-03-09,"['COL_1' 'MRL' 'TEF' 'BKT' 'MEL' 'ACX_2' 'IAG' 'ACS' 'GRF' 'AMS_1' 'ANA_2'
 'CLNX' 'CABK' 'PHM' 'IDR' 'ITX']"
47,2021-03-10,"['CLNX' 'PHM' 'TEF' 'AMS_1' 'MEL' 'MRL' 'ACX_2' 'BKT' 'GRF' 'IAG' 'CABK'
 'IDR' 'COL_1' 'ACS' 'ITX']"
48,2021-03-11,"['ACS' 'MRL' 'ITX' 'TEF' 'IDR' 'IAG' 'ACX_2' 'BKT' 'CLNX' 'MEL' 'AMS_1'
 'GRF' 'COL_1' 'CABK' 'PHM' 'SAN_1']"
49,2021-03-12,"['COL_1' 'SAN_1' 'MRL' 'TEF' 'IDR' 'AMS_1' 'FER' 'ITX' 'ACX_2' 'MTS' 'ACS'
 'PHM' 'BKT' 'IAG' 'CLNX' 'CABK']"
50,2021-03-15,"['FER' 'CLNX' 'ACX_2' 'COL_1' 'SAN_1' 'BKT' 'MTS' 'AMS_1' 'IAG' 'ACS'
 'CABK' 'ITX' 'MRL' 'IDR']"
51,2021-03-16,"['ACS' 'FER' 'TEF' 'BKT' 'MRL' 'AMS_1' 'MTS' 'CABK' 'IAG' 'PHM' 'CLNX'
 'ACX_2' 'COL_1' 'ITX' 'SAN_1' 'IDR']"
52,2021-03-17,"['SAN_1' 'CLNX' 'ACX_2' 'BBVA' 'COL_1' 'IDR' 'ACS' 'IAG' 'MTS' 'CABK'
 'FER' 'AMS_1' 'BKT' 'MRL' 'ITX' 'TEF']"
53,2021-03-18,"['CLNX' 'MRL' 'ITX' 'COL_1' 'BBVA' 'ACX_2' 'BKT' 'SAN_1' 'TEF' 'MTS' 'IDR'
 'IAG' 'AMS_1' 'FER' 'ACS' 'CABK']"
54,2021-03-19,"['COL_1' 'IAG' 'SAN_1' 'TEF' 'MRL' 'MTS' 'ITX' 'BKT' 'IDR' 'ACS' 'AMS_1'
 'ACX_2' 'CLNX' 'FER' 'CABK']"
55,2021-03-22,"['AMS_1' 'ACS' 'MEL' 'COL_1' 'CABK' 'MRL' 'TEF' 'ITX' 'BKT' 'CLNX' 'ACX_2'
 'IAG']"
56,2021-03-23,"['AMS_1' 'ITX' 'CIE' 'IAG' 'CLNX' 'ACS' 'BKT' 'CABK' 'ACX_2' 'MEL' 'MRL'
 'FER' 'TEF']"
57,2021-03-24,"['TEF' 'FER' 'SAN_1' 'CABK' 'SLR' 'IAG' 'CIE' 'MRL' 'ACS' 'ACX_2' 'MEL'
 'SGRE' 'AMS_1' 'ITX' 'BKT' 'CLNX']"
58,2021-03-25,"['TEF' 'ITX' 'CIE' 'SAN_1' 'CLNX' 'MEL' 'IAG' 'AMS_1' 'FER' 'MRL' 'BKT'
 'CABK' 'ACS' 'REP' 'ACX_2']"
59,2021-03-26,"['MRL' 'REP' 'ACS' 'MEL' 'CIE' 'AMS_1' 'BKT' 'IAG' 'ACX_2' 'ITX' 'CLNX'
 'CABK' 'TEF' 'FER']"
60,2021-03-29,"['CIE' 'MRL' 'BKT' 'ITX' 'REP' 'SAN_1' 'ACS' 'AMS_1' 'FER' 'CLNX' 'IAG'
 'ACX_2' 'CABK' 'TEF' 'MEL']"
61,2021-03-30,"['CIE' 'AMS_1' 'MEL' 'IAG' 'ITX' 'CLNX' 'ACS' 'BKT' 'CABK' 'REP' 'SAN_1'
 'MRL' 'TEF']"
62,2021-03-31,"['IAG' 'MRL' 'SAN_1' 'ITX' 'AMS_1' 'BKT' 'REP' 'CLNX' 'CIE' 'MEL' 'TEF'
 'CABK']"
63,2021-04-01,"['ITX' 'SAN_1' 'CABK' 'SGRE' 'MRL' 'MEL' 'IAG' 'REP' 'AMS_1' 'CIE' 'BKT'
 'CLNX']"
64,2021-04-06,"['AMS_1' 'SAN_1' 'CIE' 'IAG' 'CLNX' 'BKT' 'REP' 'MEL' 'MRL' 'ANA_2' 'ITX'
 'CABK']"
65,2021-04-07,['IAG' 'MEL' 'CABK' 'CIE' 'CLNX' 'BKT' 'AMS_1' 'REP' 'MRL' 'ITX' 'SAN_1']
66,2021-04-08,['PHM' 'IAG' 'CABK' 'CIE' 'SAN_1' 'ITX' 'CLNX' 'MEL' 'AMS_1' 'BKT' 'MRL']
67,2021-04-09,"['CABK' 'AMS_1' 'IAG' 'MEL' 'ITX' 'SAN_1' 'CLNX' 'MRL' 'SLR' 'CIE' 'SGRE'
 'BKT']"
68,2021-04-12,['MRL' 'BKT' 'SAN_1' 'CIE' 'CABK' 'IAG' 'ITX' 'AMS_1' 'CLNX']
69,2021-04-13,['CIE' 'IDR' 'CLNX' 'ITX' 'MTS' 'BKT' 'CABK' 'IAG' 'REP' 'AMS_1' 'SAN_1']
70,2021-04-14,['ITX' 'SAN_1' 'BKT' 'TEF' 'IDR' 'CLNX' 'CIE' 'CABK' 'IAG']
71,2021-04-15,['IDR' 'PHM' 'CLNX' 'CIE' 'IAG' 'BKT' 'CABK' 'TEF' 'ITX' 'SAN_1']
72,2021-04-16,['CIE' 'ITX' 'PHM' 'BKT' 'SAN_1' 'CLNX' 'CABK' 'IDR']
73,2021-04-19,"['BKT' 'MEL' 'AMS_1' 'IDR' 'CIE' 'CABK' 'TEF' 'PHM' 'MTS' 'SAN_1' 'SGRE'
 'ITX']"
74,2021-04-20,['ITX' 'BKT' 'IDR' 'MEL' 'MAP_2' 'SGRE' 'CABK' 'CIE' 'PHM' 'SLR']
75,2021-04-21,['IDR' 'CIE' 'SGRE' 'ITX' 'CABK' 'MAP_2' 'BKT']
76,2021-04-22,['BKT' 'CIE' 'MAP_2' 'CABK' 'ITX' 'SGRE' 'IDR']
77,2021-04-23,['BKT' 'CIE' 'MAP_2' 'ITX' 'IDR' 'SGRE' 'CABK' 'SLR']
78,2021-04-26,['MAP_2' 'ITX' 'MEL' 'IDR' 'BKT' 'CABK' 'SGRE' 'CIE']
79,2021-04-27,['IDR' 'SGRE' 'ITX' 'MAP_2' 'CABK' 'BKT' 'CIE']
80,2021-04-28,['BKT' 'CABK' 'ITX' 'IDR' 'PHM' 'SLR' 'CIE' 'MAP_2' 'SGRE']
81,2021-04-29,['ITX' 'CABK' 'IDR' 'CIE' 'SGRE' 'MAP_2']
82,2021-04-30,['CIE' 'CABK' 'SGRE' 'MAP_2' 'IDR' 'ITX']
83,2021-05-03,['CABK' 'IDR' 'CIE' 'ITX' 'MAP_2' 'SLR' 'SGRE']
84,2021-05-04,['ITX' 'CABK' 'SAN_1' 'MAP_2' 'CIE']
85,2021-05-05,['SAN_1' 'CABK' 'ITX' 'MAP_2' 'SGRE' 'IDR' 'MEL' 'CIE' 'IAG' 'TEF']
86,2021-05-06,['MEL' 'ITX' 'PHM' 'SAN_1' 'TEF' 'CABK' 'IAG' 'CIE']
87,2021-05-07,['SAN_1' 'ITX' 'MEL' 'IAG' 'TEF' 'CIE' 'CABK']
88,2021-05-10,['SGRE' 'CIE' 'MTS' 'IAG' 'ITX' 'CABK' 'SAN_1' 'MEL' 'AMS_1' 'IDR' 'REP']
89,2021-05-11,['ITX' 'MTS' 'SAN_1' 'CABK' 'CIE']
90,2021-05-12,['AMS_1' 'MEL' 'SAN_1' 'MTS' 'TEF' 'ITX' 'FDR' 'CABK' 'CIE']
91,2021-05-13,['FDR' 'SAN_1' 'CLNX' 'CIE' 'ITX' 'CABK']
92,2021-05-14,['CIE' 'CABK' 'CLNX' 'ITX' 'AMS_1' 'MTS' 'SAB' 'SAN_1' 'MEL']
93,2021-05-17,['CIE' 'MTS' 'SAN_1' 'CABK' 'MEL' 'ITX']
94,2021-05-18,['SAN_1' 'CABK' 'MTS' 'ITX' 'CIE' 'ANA_2']
95,2021-05-19,['AENA' 'ITX' 'SAN_1' 'CABK' 'ANA_2' 'CIE']
96,2021-05-20,['AENA' 'CIE' 'SAN_1' 'ANA_2' 'CABK' 'ITX']
97,2021-05-21,['SAN_1' 'ANA_2' 'AENA' 'PHM' 'SAB' 'CIE' 'CABK' 'ITX']
98,2021-05-24,['CIE' 'AMS_1' 'CABK' 'ITX' 'ANA_2' 'SAN_1' 'PHM']
99,2021-05-25,['SAN_1' 'PHM' 'AMS_1' 'CABK' 'ITX' 'ANA_2' 'MEL' 'CIE']
100,2021-05-26,['AMS_1' 'PHM' 'ITX' 'SAN_1' 'CIE' 'CABK' 'ANA_2']
101,2021-05-27,['AENA' 'SAB' 'PHM' 'ANA_2' 'CIE' 'MEL' 'SAN_1' 'ITX' 'AMS_1']
102,2021-05-28,['ITX' 'AMS_1' 'FDR' 'PHM' 'SAN_1' 'ANA_2' 'CABK' 'CIE' 'MEL']
103,2021-05-31,['SAN_1' 'CABK' 'ITX' 'CIE' 'AENA' 'FDR' 'TEF' 'PHM']
104,2021-06-01,['SAB' 'SLR' 'PHM' 'AMS_1' 'MEL' 'CIE' 'IAG' 'BBVA' 'TEF' 'MTS']
105,2021-06-02,['TEF' 'SLR' 'BKT' 'AMS_1' 'IAG' 'BBVA' 'SAB' 'MEL' 'CIE' 'PHM' 'MTS']
106,2021-06-03,['IAG' 'CIE' 'MEL' 'BBVA' 'AMS_1' 'PHM' 'TEF' 'SAB' 'MTS']
107,2021-06-04,['TEF' 'PHM' 'AMS_1' 'SAB' 'MEL' 'IAG' 'BBVA' 'CIE']
108,2021-06-07,['SAB' 'AMS_1' 'MEL' 'BBVA' 'CIE' 'IAG' 'PHM' 'TEF' 'MTS']
109,2021-06-08,['AMS_1' 'MEL' 'BBVA' 'PHM' 'SAB' 'TEF' 'IAG' 'CIE']
110,2021-06-09,"['CIE' 'MEL' 'MRL' 'SAN_1' 'AMS_1' 'ITX' 'BKT' 'BBVA' 'REP' 'ACX_2' 'TEF'
 'CABK' 'PHM' 'MTS']"
111,2021-06-10,"['BBVA' 'MRL' 'CIE' 'BKT' 'CABK' 'FDR' 'MTS' 'TEF' 'AMS_1' 'SAN_1' 'PHM'
 'ITX' 'ACX_2']"
112,2021-06-11,"['MRL' 'ITX' 'BBVA' 'MTS' 'CIE' 'BKT' 'SAN_1' 'ACX_2' 'TEF' 'FDR' 'PHM'
 'CABK' 'MEL' 'REP']"
113,2021-06-14,"['FDR' 'MEL' 'CABK' 'MRL' 'MTS' 'REP' 'PHM' 'BBVA' 'ITX' 'CIE' 'SAN_1'
 'TEF' 'BKT' 'ACX_2']"
114,2021-06-15,"['BKT' 'REP' 'ACX_2' 'IAG' 'TEF' 'CABK' 'CIE' 'PHM' 'SAN_1' 'MRL' 'ITX'
 'BBVA' 'FDR' 'MEL']"
115,2021-06-16,"['BBVA' 'PHM' 'ACX_2' 'CIE' 'MRL' 'SAN_1' 'MEL' 'BKT' 'ITX' 'FDR' 'CABK'
 'AMS_1' 'TEF']"
116,2021-06-17,"['MEL' 'ACX_2' 'PHM' 'BKT' 'SLR' 'CIE' 'BBVA' 'IAG' 'SGRE' 'CABK' 'FDR'
 'TEF' 'AMS_1' 'ITX' 'REP' 'MRL' 'ANA_2' 'SAN_1']"
117,2021-06-18,"['TEF' 'IAG' 'CIE' 'SAN_1' 'MEL' 'FDR' 'MRL' 'AMS_1' 'ITX' 'CABK' 'PHM'
 'BKT']"
118,2021-06-21,"['TEF' 'PHM' 'ITX' 'CABK' 'CIE' 'BKT' 'FDR' 'MRL' 'SAN_1' 'SGRE' 'AMS_1'
 'SLR']"
119,2021-06-22,['TEF' 'AMS_1' 'PHM' 'BKT' 'ACS' 'SGRE' 'CABK' 'IAG' 'CIE' 'FDR' 'MEL']
120,2021-06-23,"['PHM' 'BKT' 'AMS_1' 'FDR' 'CIE' 'SGRE' 'ACS' 'TEF' 'IAG' 'MRL' 'CABK'
 'MEL']"
121,2021-06-24,"['ACX_2' 'SGRE' 'CABK' 'SLR' 'MRL' 'FDR' 'ACS' 'TEF' 'BBVA' 'REP' 'CIE'
 'BKT' 'MEL' 'PHM' 'IAG']"
122,2021-06-25,"['FDR' 'PHM' 'TEF' 'MRL' 'CABK' 'SGRE' 'BBVA' 'MEL' 'IAG' 'CIE' 'BKT'
 'ACS' 'REP']"
123,2021-06-28,['AMS_1' 'SGRE' 'CIE' 'MRL' 'PHM' 'SLR' 'ACS' 'IAG' 'TEF' 'FDR' 'BKT']
124,2021-06-29,"['FDR' 'ACX_2' 'AMS_1' 'SLR' 'ELE_1' 'TEF' 'BKT' 'PHM' 'CIE' 'SGRE' 'MRL'
 'IAG' 'ACS']"
125,2021-06-30,"['ACS' 'BKT' 'SAN_1' 'ACX_2' 'CIE' 'ITX' 'AMS_1' 'SGRE' 'FDR' 'PHM' 'MRL'
 'IAG' 'TEF']"
126,2021-07-01,"['MEL' 'ACS' 'IAG' 'AMS_1' 'MRL' 'CABK' 'SGRE' 'BKT' 'ACX_2' 'TEF' 'ITX'
 'CIE' 'SAN_1' 'FDR']"
127,2021-07-02,"['ACX_2' 'MRL' 'IDR' 'AMS_1' 'ITX' 'BKT' 'CIE' 'SAN_1' 'FDR' 'ACS' 'IAG'
 'PHM' 'TEF' 'SGRE']"
128,2021-07-05,"['CIE' 'AMS_1' 'MEL' 'SAN_1' 'FDR' 'ACX_2' 'IAG' 'ACS' 'SGRE' 'ITX' 'BKT'
 'PHM' 'TEF' 'CABK' 'MRL']"
129,2021-07-06,"['TEF' 'SGRE' 'PHM' 'IAG' 'ITX' 'SLR' 'CIE' 'ACS' 'BKT' 'AMS_1' 'MRL'
 'FDR']"
130,2021-07-07,"['SGRE' 'PHM' 'BKT' 'ACX_2' 'ITX' 'FDR' 'MRL' 'IAG' 'CIE' 'SLR' 'MEL'
 'TEF' 'ACS' 'AMS_1']"
131,2021-07-08,"['IBE' 'CIE' 'ITX' 'SGRE' 'ACS' 'BKT' 'IAG' 'IDR' 'MRL' 'AMS_1' 'SLR'
 'TEF' 'PHM' 'FDR']"
132,2021-07-09,"['AMS_1' 'TEF' 'MRL' 'CIE' 'ACX_2' 'SGRE' 'SLR' 'PHM' 'IDR' 'BKT' 'IBE'
 'FDR' 'ITX' 'IAG']"
133,2021-07-12,"['ITX' 'ACS' 'IDR' 'BKT' 'FDR' 'PHM' 'IAG' 'SGRE' 'MRL' 'SLR' 'CIE'
 'AMS_1' 'TEF' 'ACX_2']"
134,2021-07-13,"['ACX_2' 'BKT' 'CIE' 'SLR' 'SGRE' 'PHM' 'TEF' 'IDR' 'MRL' 'FDR' 'IAG'
 'ITX']"
135,2021-07-14,"['FDR' 'PHM' 'SGRE' 'IDR' 'ACX_2' 'SLR' 'BKT' 'MRL' 'TEF' 'ITX' 'CIE'
 'IAG']"
136,2021-07-15,['CIE' 'IDR' 'TEF' 'ACX_2' 'IAG' 'BKT' 'MRL' 'SGRE' 'FDR' 'SLR' 'PHM']
137,2021-07-16,"['BKT' 'SLR' 'PHM' 'IDR' 'CABK' 'TEF' 'AMS_1' 'FDR' 'IAG' 'CIE' 'MRL'
 'SGRE' 'ACX_2']"
138,2021-07-19,['PHM' 'SLR' 'SGRE' 'CIE' 'FDR' 'FER' 'BKT' 'TEF']
139,2021-07-20,['PHM' 'TEF' 'BKT' 'SGRE' 'FER' 'COL_1' 'SLR' 'CIE' 'FDR']
140,2021-07-21,['PHM' 'FER' 'FDR' 'TEF' 'SLR' 'CIE' 'ACX_2' 'SGRE' 'BKT']
141,2021-07-22,['CIE' 'SLR' 'ACX_2' 'TEF' 'PHM' 'MRL' 'FDR' 'FER' 'BKT' 'SGRE']
142,2021-07-23,['SGRE' 'PHM' 'ACX_2' 'CIE' 'MRL' 'BKT' 'FER' 'SLR' 'FDR' 'TEF']
143,2021-07-26,['MRL' 'CIE' 'SLR' 'FER' 'FDR' 'PHM' 'SGRE' 'TEF' 'BKT']
144,2021-07-27,['TEF' 'SGRE' 'CIE' 'FER' 'MRL' 'BKT' 'FDR' 'SLR']
145,2021-07-28,['TEF' 'SGRE' 'BKT' 'FDR' 'PHM' 'MRL']
146,2021-07-29,['TEF' 'BKT' 'PHM' 'FDR' 'SLR' 'SGRE' 'IAG' 'MRL']
147,2021-07-30,['SGRE' 'MRL' 'BKT' 'TEF']
148,2021-08-02,['MRL' 'BKT' 'SGRE' 'TEF' 'SLR' 'MEL' 'PHM' 'FDR']
149,2021-08-03,['SGRE' 'ACS' 'FDR' 'BKT' 'TEF' 'MRL']
150,2021-08-04,['SLR' 'FDR' 'BKT' 'CABK' 'SGRE' 'ACS' 'PHM']
151,2021-08-05,['ACS' 'FDR' 'SGRE' 'BKT' 'SLR']
152,2021-08-06,['ACS' 'SGRE' 'SLR' 'BKT']
153,2021-08-09,['MEL' 'SGRE' 'SLR' 'ITX' 'BKT' 'CABK' 'ACS' 'FDR' 'IDR' 'AENA']
154,2021-08-10,['ACS' 'ITX' 'FDR' 'IDR' 'AENA' 'BKT' 'MEL']
155,2021-08-11,['PHM' 'FDR' 'IDR' 'SGRE' 'CABK' 'IAG' 'MEL' 'SLR']
156,2021-08-12,['MEL' 'IDR' 'SLR' 'SGRE' 'FDR' 'PHM']
157,2021-08-13,['FDR' 'CABK' 'PHM' 'SLR' 'SGRE' 'MEL' 'IDR']
158,2021-08-16,['FDR' 'SLR' 'CABK' 'PHM' 'ACS' 'MEL' 'IDR' 'SGRE' 'AENA' 'ITX' 'BKT']
159,2021-08-17,['CABK' 'ITX' 'PHM' 'BKT' 'ACS' 'IDR' 'FDR']
160,2021-08-18,['FDR' 'IDR' 'ITX' 'SLR' 'MEL' 'CABK' 'PHM']
161,2021-08-19,['PHM' 'FDR' 'IDR' 'ITX' 'MEL' 'CABK' 'AENA']
162,2021-08-20,['SGRE' 'CABK' 'FDR' 'IDR' 'ITX']
163,2021-08-23,['ITX' 'CABK' 'SGRE' 'IDR' 'FDR']
164,2021-08-24,['CABK' 'FDR' 'BKT' 'PHM' 'SGRE' 'ITX' 'MEL' 'IDR' 'MAP_2']
165,2021-08-25,['ITX' 'PHM' 'FDR' 'IDR' 'MEL' 'CABK' 'BKT' 'MAP_2']
166,2021-08-26,"['MRL' 'ACS' 'MEL' 'IDR' 'MAP_2' 'PHM' 'BKT' 'FDR' 'SLR' 'CABK' 'ITX'
 'FER']"
167,2021-08-27,"['MRL' 'FDR' 'MAP_2' 'ITX' 'SLR' 'CABK' 'MEL' 'FER' 'PHM' 'ACS' 'BKT'
 'IDR']"
168,2021-08-30,['MEL' 'ACX_2' 'SLR' 'FDR' 'REP' 'ITX' 'PHM' 'BKT' 'CABK' 'IAG']
169,2021-08-31,['REP' 'SLR' 'IAG' 'CABK' 'PHM' 'BKT' 'FDR' 'MEL' 'ITX' 'ACX_2']
170,2021-09-01,['FDR' 'ACX_2' 'ITX' 'REP' 'IAG' 'BKT' 'SLR' 'PHM' 'MEL' 'CABK']
171,2021-09-02,['ITX' 'PHM' 'CABK' 'IAG' 'BKT' 'ACX_2' 'SLR' 'REP' 'MEL' 'FDR']
172,2021-09-03,"['FER' 'PHM' 'COL_1' 'MEL' 'ACX_2' 'ACS' 'FDR' 'CABK' 'MRL' 'BKT' 'ITX'
 'REP' 'SLR']"
173,2021-09-06,"['CABK' 'MRL' 'BKT' 'IDR' 'COL_1' 'ACS' 'MEL' 'PHM' 'SLR' 'ACX_2' 'REP'
 'FER' 'ITX']"
174,2021-09-07,"['REP' 'MRL' 'CABK' 'ACX_2' 'FER' 'ITX' 'SLR' 'COL_1' 'ACS' 'FDR' 'MEL'
 'BKT']"
175,2021-09-08,"['SLR' 'ACX_2' 'COL_1' 'CABK' 'FER' 'BKT' 'MRL' 'MEL' 'ACS' 'CIE' 'SGRE'
 'FDR' 'REP' 'ITX']"
176,2021-09-09,"['CABK' 'COL_1' 'FDR' 'SLR' 'ITX' 'ACS' 'MEL' 'CIE' 'ACX_2' 'BKT' 'REP'
 'MRL' 'SGRE' 'FER']"
177,2021-09-10,"['SGRE' 'ACS' 'MRL' 'FDR' 'COL_1' 'IAG' 'CABK' 'ITX' 'CIE' 'ACX_2' 'FER'
 'MEL' 'BKT' 'SLR']"
178,2021-09-13,"['AMS_1' 'ACS' 'CABK' 'MRL' 'SLR' 'BKT' 'FDR' 'IAG' 'CIE' 'ACX_2' 'ITX'
 'REP' 'FER' 'COL_1' 'SGRE' 'MEL']"
179,2021-09-14,"['SGRE' 'FER' 'SLR' 'ITX' 'MEL' 'ACX_2' 'IBE' 'ACS' 'CABK' 'MRL' 'FDR'
 'CIE' 'IAG' 'AMS_1' 'BKT' 'COL_1']"
180,2021-09-15,"['COL_1' 'ACX_2' 'ITX' 'CIE' 'FER' 'IBE' 'MTS' 'MRL' 'CABK' 'MEL' 'BKT'
 'ACS' 'FDR']"
181,2021-09-16,"['FDR' 'BKT' 'ANA_2' 'ACS' 'AMS_1' 'IBE' 'CIE' 'IDR' 'FER' 'ITX' 'CABK'
 'COL_1' 'ACX_2' 'MEL' 'MRL']"
182,2021-09-17,"['IBE' 'CABK' 'FER' 'ACX_2' 'BKT' 'IAG' 'COL_1' 'IDR' 'MRL' 'CIE' 'ACS'
 'MEL' 'SLR' 'ANA_2' 'ITX' 'AMS_1' 'FDR']"
183,2021-09-20,"['FER' 'BKT' 'ANA_2' 'IAG' 'IBE' 'ACS' 'COL_1' 'ITX' 'IDR' 'AMS_1' 'MEL'
 'MRL' 'MAP_2' 'ACX_2' 'FDR' 'CIE']"
184,2021-09-21,"['CIE' 'AMS_1' 'ACX_2' 'ITX' 'FDR' 'FER' 'ACS' 'IBE' 'CABK' 'IDR' 'MEL'
 'IAG' 'COL_1' 'BKT' 'ANA_2' 'MAP_2' 'MRL']"
185,2021-09-22,"['MAP_2' 'BKT' 'IAG' 'CABK' 'COL_1' 'ITX' 'ACX_2' 'FER' 'ACS' 'IDR'
 'AMS_1' 'FDR' 'CIE' 'ANA_2' 'MEL' 'IBE' 'MRL']"
186,2021-09-23,"['ITX' 'IBE' 'ANA_2' 'IAG' 'CABK' 'MEL' 'BKT' 'MAP_2' 'AMS_1' 'ACX_2'
 'FER' 'IDR' 'FDR' 'ACS' 'COL_1' 'MRL' 'CIE']"
187,2021-09-24,"['MAP_2' 'AMS_1' 'ACX_2' 'IBE' 'ITX' 'CIE' 'BKT' 'ANA_2' 'FDR' 'IDR' 'ACS'
 'MEL' 'MRL' 'FER' 'IAG' 'COL_1']"
188,2021-09-27,"['ITX' 'SLR' 'IBE' 'IDR' 'ACS' 'IAG' 'CABK' 'ANA_2' 'MRL' 'FER' 'AMS_1'
 'ACX_2' 'CIE' 'MEL' 'BKT' 'FDR' 'COL_1']"
189,2021-09-28,"['CIE' 'AMS_1' 'MAP_2' 'ITX' 'CABK' 'IAG' 'ACX_2' 'IDR' 'ANA_2' 'FER'
 'ACS' 'MEL' 'COL_1' 'IBE' 'BKT']"
190,2021-09-29,"['CABK' 'CIE' 'BKT' 'COL_1' 'FER' 'IBE' 'ITX' 'MAP_2' 'AMS_1' 'ANA_2'
 'ACX_2' 'ACS' 'MRL' 'IAG' 'IDR' 'MEL']"
191,2021-09-30,"['FER' 'COL_1' 'AMS_1' 'BKT' 'MAP_2' 'IBE' 'MEL' 'CABK' 'ACS' 'CIE' 'ITX'
 'ACX_2' 'IDR' 'IAG' 'ANA_2']"
192,2021-10-01,"['BKT' 'CABK' 'CIE' 'IAG' 'IDR' 'COL_1' 'IBE' 'AMS_1' 'ITX' 'MRL' 'FER'
 'ACS' 'MAP_2' 'MEL' 'ACX_2' 'ANA_2']"
193,2021-10-04,['ACS' 'IAG' 'CIE' 'MAP_2' 'MEL' 'ITX' 'FER' 'BKT' 'IBE' 'AMS_1' 'ACX_2']
194,2021-10-05,"['ANA_2' 'IBE' 'MRL' 'COL_1' 'CIE' 'CABK' 'BKT' 'ITX' 'IAG' 'MEL' 'MAP_2'
 'FER' 'ACS' 'ACX_2' 'IDR' 'AMS_1']"
195,2021-10-06,"['BKT' 'COL_1' 'ACX_2' 'AMS_1' 'IBE' 'MAP_2' 'ITX' 'CLNX' 'CIE' 'FER'
 'IAG' 'ACS' 'MEL']"
196,2021-10-07,"['ELE_1' 'ANA_2' 'CIE' 'IAG' 'CABK' 'ACS' 'CLNX' 'MRL' 'AMS_1' 'ACX_2'
 'IBE' 'FER' 'COL_1' 'MEL' 'BKT' 'ITX' 'MAP_2']"
197,2021-10-08,"['CIE' 'ELE_1' 'ITX' 'FER' 'IAG' 'AMS_1' 'MRL' 'MAP_2' 'ACS' 'IBE' 'MEL'
 'CLNX' 'BKT' 'ACX_2' 'ANA_2' 'CABK' 'COL_1']"
198,2021-10-11,"['MEL' 'ACX_2' 'COL_1' 'BKT' 'AMS_1' 'IAG' 'FER' 'CIE' 'IBE' 'ITX' 'MAP_2'
 'ACS' 'CLNX' 'ANA_2']"
199,2021-10-12,"['IBE' 'ANA_2' 'ACS' 'MAP_2' 'CIE' 'IAG' 'ITX' 'COL_1' 'CABK' 'MRL' 'MEL'
 'FER' 'ACX_2' 'AMS_1' 'BKT']"
200,2021-10-13,"['MAP_2' 'MEL' 'ACS' 'IAG' 'FER' 'BKT' 'IBE' 'MRL' 'ANA_2' 'COL_1' 'AMS_1'
 'ACX_2' 'CIE' 'ITX']"
201,2021-10-14,"['ACS' 'ACX_2' 'CIE' 'IBE' 'ANA_2' 'AMS_1' 'IAG' 'MAP_2' 'COL_1' 'FER'
 'BKT' 'MEL' 'ITX']"
202,2021-10-15,"['BKT' 'IBE' 'ACX_2' 'ANA_2' 'ITX' 'MAP_2' 'COL_1' 'ACS' 'IDR' 'MRL' 'CIE'
 'FER' 'AMS_1' 'IAG' 'MEL']"
203,2021-10-18,"['ACX_2' 'ACS' 'IAG' 'IDR' 'FER' 'BKT' 'ANA_2' 'MRL' 'ITX' 'MEL' 'CIE'
 'IBE' 'COL_1' 'MAP_2' 'AMS_1']"
204,2021-10-19,"['MAP_2' 'FER' 'MEL' 'ITX' 'ACS' 'IDR' 'IAG' 'BKT' 'COL_1' 'ANA_2' 'AMS_1'
 'MRL' 'CIE' 'IBE' 'ACX_2']"
205,2021-10-20,"['ACS' 'MEL' 'MRL' 'IBE' 'AMS_1' 'COL_1' 'ANA_2' 'CIE' 'FER' 'IDR' 'AENA'
 'ITX' 'TEF' 'MAP_2' 'ACX_2' 'BKT' 'IAG']"
206,2021-10-21,"['COL_1' 'ACS' 'MEL' 'MAP_2' 'ANA_2' 'IBE' 'AMS_1' 'AENA' 'ACX_2' 'ITX'
 'FER' 'IDR' 'MRL' 'CIE' 'IAG']"
207,2021-10-22,"['MAP_2' 'MEL' 'AMS_1' 'IBE' 'ITX' 'ACX_2' 'AENA' 'FER' 'IAG' 'SGRE' 'CIE'
 'SLR' 'MRL' 'COL_1' 'ACS' 'ANA_2']"
208,2021-10-25,"['COL_1' 'CIE' 'IDR' 'ACX_2' 'ACS' 'MEL' 'AMS_1' 'AENA' 'ANA_2' 'IAG'
 'IBE' 'FER' 'MRL' 'MAP_2' 'ITX']"
209,2021-10-26,"['IDR' 'ACX_2' 'IAG' 'MEL' 'AENA' 'ACS' 'MAP_2' 'FER' 'IBE' 'ITX' 'PHM'
 'MRL' 'COL_1' 'ELE_1' 'ANA_2' 'CIE' 'AMS_1']"
210,2021-10-27,"['COL_1' 'SLR' 'AMS_1' 'MRL' 'IAG' 'IBE' 'MEL' 'CIE' 'ANA_2' 'FDR' 'MAP_2'
 'FER' 'ACS' 'AENA' 'ACX_2' 'ITX' 'TEF']"
211,2021-10-28,"['ACX_2' 'MRL' 'CIE' 'SLR' 'IBE' 'IDR' 'CABK' 'SGRE' 'TEF' 'COL_1' 'MAP_2'
 'MEL' 'FER' 'ITX' 'ACS' 'IAG' 'AENA' 'AMS_1']"
212,2021-10-29,"['MEL' 'AENA' 'AMS_1' 'ACS' 'IBE' 'IDR' 'MRL' 'COL_1' 'IAG' 'FER' 'CIE'
 'MAP_2' 'TEF' 'ACX_2' 'SGRE']"
213,2021-11-01,"['AENA' 'ITX' 'ACS' 'MEL' 'MAP_2' 'COL_1' 'MRL' 'CABK' 'SLR' 'SGRE' 'IAG'
 'FER' 'AMS_1']"
214,2021-11-02,"['SGRE' 'ITX' 'CABK' 'FER' 'ACX_2' 'IAG' 'REP' 'IDR' 'COL_1' 'SLR' 'MEL'
 'MAP_2' 'AMS_1' 'AENA' 'MRL' 'ACS']"
215,2021-11-03,"['ITX' 'ACS' 'MRL' 'MEL' 'AMS_1' 'ACX_2' 'AENA' 'IAG' 'COL_1' 'MAP_2'
 'FER' 'REP' 'CABK']"
216,2021-11-04,"['ACS' 'IDR' 'ACX_2' 'AENA' 'MEL' 'FER' 'REP' 'COL_1' 'MRL' 'IAG' 'AMS_1'
 'MAP_2']"
217,2021-11-05,"['REP' 'FER' 'MEL' 'MAP_2' 'PHM' 'CABK' 'ACX_2' 'IAG' 'AMS_1' 'ITX' 'ACS'
 'AENA']"
218,2021-11-08,['MEL' 'MAP_2' 'AMS_1' 'AENA' 'ACS' 'REP' 'IDR' 'FER' 'PHM' 'ACX_2' 'IAG']
219,2021-11-09,"['MEL' 'AMS_1' 'IAG' 'FER' 'PHM' 'SGRE' 'ACX_2' 'SLR' 'CABK' 'AENA' 'ITX'
 'ACS' 'FDR']"
220,2021-11-10,"['AENA' 'FER' 'ACS' 'FDR' 'PHM' 'ITX' 'TEF' 'SGRE' 'MEL' 'ACX_2' 'IAG'
 'AMS_1']"
221,2021-11-11,"['SLR' 'TEF' 'MEL' 'ACX_2' 'AMS_1' 'ACS' 'PHM' 'FDR' 'ITX' 'IAG' 'FER'
 'AENA']"
222,2021-11-12,"['FER' 'PHM' 'SGRE' 'MEL' 'ACS' 'ACX_2' 'ITX' 'TEF' 'FDR' 'SLR' 'AENA'
 'IAG' 'AMS_1']"
223,2021-11-15,"['ACS' 'ACX_2' 'ITX' 'AMS_1' 'SLR' 'TEF' 'AENA' 'FDR' 'PHM' 'FER' 'MEL'
 'IAG' 'SGRE' 'CABK']"
224,2021-11-16,"['TEF' 'AENA' 'AMS_1' 'FER' 'FDR' 'MEL' 'ALM' 'SGRE' 'SLR' 'ACS' 'IAG'
 'ACX_2' 'PHM' 'ITX']"
225,2021-11-17,"['IAG' 'ITX' 'SLR' 'ACS' 'CABK' 'TEF' 'ALM' 'FER' 'MEL' 'AMS_1' 'ACX_2'
 'FDR' 'AENA' 'SGRE' 'PHM']"
226,2021-11-18,"['IAG' 'FDR' 'ACS' 'FER' 'AENA' 'ALM' 'SGRE' 'SLR' 'TEF' 'ACX_2' 'PHM'
 'ITX' 'AMS_1' 'MEL']"
227,2021-11-19,"['COL_1' 'ALM' 'PHM' 'ACX_2' 'SGRE' 'AMS_1' 'ITX' 'FER' 'FDR' 'SLR' 'MEL'
 'MAP_2' 'ACS']"
228,2021-11-22,"['ITX' 'SLR' 'ACX_2' 'AENA' 'ALM' 'FER' 'PHM' 'SGRE' 'MEL' 'COL_1' 'AMS_1'
 'ACS' 'TEF' 'FDR']"
229,2021-11-23,"['FDR' 'ALM' 'SGRE' 'FER' 'ITX' 'ACX_2' 'TEF' 'ACS' 'PHM' 'AMS_1' 'SLR'
 'COL_1' 'MEL']"
230,2021-11-24,"['ALM' 'COL_1' 'FDR' 'AMS_1' 'SLR' 'ACX_2' 'TEF' 'SGRE' 'IAG' 'AENA' 'MEL'
 'ITX' 'FER' 'PHM' 'ACS']"
231,2021-11-25,"['AMS_1' 'SLR' 'FER' 'IAG' 'FDR' 'PHM' 'ACS' 'CABK' 'TEF' 'COL_1' 'ACX_2'
 'ALM' 'ITX' 'AENA' 'MEL']"
232,2021-11-26,['COL_1' 'MRL' 'FDR' 'MAP_2' 'CIE' 'PHM' 'GRF' 'SLR']
233,2021-11-29,['PHM' 'COL_1' 'MEL' 'ITX' 'ACX_2' 'GRF' 'MRL' 'FDR' 'SLR' 'MAP_2' 'CIE']
234,2021-11-30,['FDR' 'MAP_2' 'SLR' 'CIE' 'COL_1' 'PHM' 'MRL']
235,2021-12-01,['FDR' 'MRL' 'PHM' 'COL_1' 'MAP_2' 'MEL' 'SLR' 'CIE']
236,2021-12-02,['MAP_2' 'CIE' 'MRL' 'IBE' 'ELE_1' 'PHM' 'COL_1' 'MEL' 'FDR']
237,2021-12-03,['COL_1' 'PHM' 'MRL' 'FDR' 'ELE_1' 'CIE' 'IBE' 'MAP_2']
238,2021-12-06,['BKT' 'PHM' 'MEL' 'COL_1' 'MRL' 'FDR' 'MAP_2']
239,2021-12-07,['MAP_2' 'ACX_2' 'MRL' 'PHM' 'BKT' 'FDR' 'COL_1' 'GRF' 'MEL']
240,2021-12-08,['MAP_2' 'FDR' 'BKT' 'MEL' 'MRL' 'PHM' 'ACX_2' 'AMS_1' 'COL_1']
241,2021-12-09,['FDR' 'COL_1' 'MRL' 'ACX_2' 'MAP_2' 'MEL' 'BKT' 'PHM']
242,2021-12-10,['COL_1' 'MRL' 'BKT' 'ACX_2' 'FDR' 'MEL' 'SGRE' 'PHM' 'MAP_2']
243,2021-12-13,['MEL' 'CIE' 'PHM' 'FDR' 'IDR' 'COL_1' 'SGRE' 'MRL']
244,2021-12-14,['FDR' 'MEL' 'ELE_1' 'PHM' 'CIE' 'ACX_2' 'IDR' 'COL_1' 'SGRE' 'ALM' 'MRL']
245,2021-12-15,"['ELE_1' 'COL_1' 'ACX_2' 'MRL' 'MAP_2' 'SGRE' 'FDR' 'CIE' 'MEL' 'ALM'
 'SLR' 'PHM']"
246,2021-12-16,"['PHM' 'CIE' 'MAP_2' 'ELE_1' 'GRF' 'COL_1' 'BKT' 'SLR' 'ALM' 'SGRE' 'FDR'
 'MRL' 'MEL' 'ACX_2']"
247,2021-12-17,"['MAP_2' 'ELE_1' 'SLR' 'FDR' 'COL_1' 'PHM' 'MRL' 'SGRE' 'GRF' 'ALM' 'CIE'
 'ACX_2']"
248,2021-12-20,['CLNX' 'COL_1' 'CIE' 'ELE_1' 'SGRE' 'FDR' 'ACX_2' 'ALM' 'SLR' 'MRL' 'PHM']
249,2021-12-21,"['CLNX' 'ELE_1' 'SGRE' 'CIE' 'FDR' 'PHM' 'MRL' 'ACX_2' 'MAP_2' 'ALM'
 'COL_1' 'SLR']"
250,2021-12-22,['CLNX' 'CIE' 'ELE_1' 'PHM' 'ALM' 'ACX_2' 'MRL' 'FDR' 'SGRE' 'SLR' 'COL_1']
251,2021-12-23,"['ELE_1' 'CIE' 'ALM' 'ACX_2' 'MRL' 'PHM' 'CLNX' 'SGRE' 'FDR' 'SLR' 'COL_1'
 'MAP_2']"
252,2021-12-27,"['FDR' 'PHM' 'CIE' 'SLR' 'CLNX' 'SGRE' 'MRL' 'MAP_2' 'MEL' 'ACX_2' 'COL_1'
 'ELE_1']"
253,2021-12-28,"['MEL' 'SLR' 'MRL' 'MAP_2' 'PHM' 'ACX_2' 'SGRE' 'COL_1' 'CLNX' 'ELE_1'
 'FDR' 'CIE']"
254,2021-12-29,['ELE_1' 'CLNX' 'CIE' 'COL_1' 'SGRE' 'SLR' 'MRL' 'ACX_2' 'BKT' 'FDR' 'PHM']
255,2021-12-30,"['ACX_2' 'ELE_1' 'COL_1' 'PHM' 'SGRE' 'FDR' 'MRL' 'BKT' 'CIE' 'MAP_2'
 'CLNX']"
256,2022-01-03,"['CLNX' 'ACX_2' 'FDR' 'MAP_2' 'MRL' 'ELE_1' 'COL_1' 'PHM' 'MEL' 'CIE'
 'SLR' 'BKT' 'SGRE']"
257,2022-01-04,"['MRL' 'FER' 'MEL' 'FDR' 'ACX_2' 'GRF' 'CIE' 'MAP_2' 'IBE' 'SLR' 'CLNX'
 'CABK' 'ELE_1' 'PHM' 'BKT' 'SGRE']"
258,2022-01-05,"['MAP_2' 'PHM' 'AENA' 'IBE' 'BKT' 'SLR' 'CLNX' 'MRL' 'FER' 'ELE_1' 'ACX_2'
 'FDR' 'MEL' 'CABK' 'SGRE' 'CIE']"
259,2022-01-06,"['SLR' 'BKT' 'PHM' 'FDR' 'MRL' 'GRF' 'MAP_2' 'SGRE' 'ELE_1' 'IBE' 'FER'
 'CABK' 'TEF' 'CIE' 'ACX_2' 'MEL']"
260,2022-01-07,"['IBE' 'FDR' 'TEF' 'MRL' 'SLR' 'CABK' 'CIE' 'ACX_2' 'FER' 'BKT' 'AENA'
 'MAP_2' 'PHM' 'MEL' 'ELE_1' 'SGRE' 'GRF']"
261,2022-01-10,"['CABK' 'PHM' 'MRL' 'AENA' 'MAP_2' 'SGRE' 'ACS' 'ELE_1' 'ACX_2' 'TEF'
 'IBE' 'BKT' 'CIE' 'ALM']"
262,2022-01-11,"['TEF' 'CABK' 'ACX_2' 'IAG' 'REP' 'SAN_1' 'BKT' 'BBVA' 'MEL' 'GRF' 'PHM'
 'MTS' 'AMS_1']"
263,2022-01-12,"['ACX_2' 'MTS' 'BBVA' 'IAG' 'BKT' 'AMS_1' 'CABK' 'PHM' 'MEL' 'SAN_1' 'GRF'
 'TEF']"
264,2022-01-13,"['SLR' 'IAG' 'SAN_1' 'FDR' 'REP' 'MTS' 'PHM' 'TEF' 'CABK' 'MEL' 'AMS_1'
 'ACX_2' 'GRF' 'BKT']"
265,2022-01-14,"['BKT' 'MEL' 'MTS' 'MRL' 'CABK' 'PHM' 'BBVA' 'SAN_1' 'ELE_1' 'IAG' 'FER'
 'REP' 'MAP_2' 'AMS_1' 'GRF' 'ACX_2' 'CIE' 'IBE']"
266,2022-01-17,"['MTS' 'GRF' 'CIE' 'FER' 'AMS_1' 'MRL' 'BKT' 'MAP_2' 'BBVA' 'ACX_2'
 'SAN_1' 'CABK' 'MEL' 'IAG' 'PHM']"
267,2022-01-18,"['SLR' 'MTS' 'MEL' 'ACX_2' 'MRL' 'BKT' 'CIE' 'SGRE' 'SAN_1' 'IAG' 'FER'
 'BBVA' 'CABK' 'PHM' 'MAP_2' 'GRF' 'AMS_1']"
268,2022-01-19,"['MAP_2' 'SAN_1' 'CABK' 'BBVA' 'ACX_2' 'MTS' 'MRL' 'COL_1' 'ACS' 'PHM'
 'CIE' 'FER' 'GRF' 'IAG' 'BKT' 'AMS_1' 'MEL']"
269,2022-01-20,"['FER' 'COL_1' 'ACS' 'CABK' 'CIE' 'GRF' 'MRL' 'PHM' 'BKT' 'IAG' 'MEL'
 'BBVA' 'MAP_2' 'AMS_1' 'SAN_1' 'ACX_2' 'SLR']"
270,2022-01-21,"['BKT' 'ACS' 'BBVA' 'AMS_1' 'GRF' 'PHM' 'COL_1' 'IAG' 'FER' 'MEL' 'ACX_2'
 'CABK' 'SAN_1' 'MAP_2' 'SLR' 'MRL' 'CIE']"
271,2022-01-24,"['FER' 'MRL' 'AMS_1' 'SAN_1' 'CABK' 'MAP_2' 'PHM' 'MEL' 'ANA_2' 'COL_1'
 'IBE' 'ACS' 'ELE_1' 'CIE' 'BKT']"
272,2022-01-25,"['SAN_1' 'MEL' 'ITX' 'MAP_2' 'COL_1' 'FER' 'CABK' 'MRL' 'ELE_1' 'ANA_2'
 'CIE' 'AMS_1' 'BKT' 'IBE' 'PHM' 'ACS']"
273,2022-01-26,"['CIE' 'MRL' 'CABK' 'NTGY' 'BKT' 'IBE' 'MAP_2' 'COL_1' 'REP' 'SAN_1'
 'AMS_1' 'MEL' 'PHM' 'FER' 'ITX' 'ACS' 'AENA' 'IAG' 'ELE_1' 'ANA_2']"
274,2022-01-27,"['MAP_2' 'REP' 'AENA' 'COL_1' 'MRL' 'PHM' 'MEL' 'ELE_1' 'ACS' 'CABK'
 'ANA_2' 'FER' 'BKT' 'AMS_1' 'NTGY' 'SAN_1' 'IAG' 'ITX' 'IBE' 'CIE']"
275,2022-01-28,"['COL_1' 'AMS_1' 'ITX' 'CABK' 'MRL' 'CIE' 'BKT' 'REP' 'ELE_1' 'MAP_2'
 'AENA' 'SLR' 'IAG' 'FER' 'PHM' 'ANA_2' 'IBE' 'MEL' 'NTGY' 'SAN_1' 'ACS']"
276,2022-01-31,"['ELE_1' 'CIE' 'ITX' 'MRL' 'REP' 'AENA' 'PHM' 'AMS_1' 'COL_1' 'NTGY'
 'SAN_1' 'ALM' 'BKT' 'MEL' 'IAG' 'CABK' 'ACS' 'ANA_2' 'MAP_2' 'FER' 'IBE']"
277,2022-02-01,"['CIE' 'PHM' 'IBE' 'ANA_2' 'AMS_1' 'ELE_1' 'REP' 'BKT' 'AENA' 'SAN_1'
 'ACS' 'FER' 'COL_1' 'IAG' 'ITX' 'BBVA' 'MAP_2' 'MEL' 'NTGY' 'CABK' 'ALM'
 'MRL']"
278,2022-02-02,"['IAG' 'SAN_1' 'ANA_2' 'SGRE' 'BBVA' 'BKT' 'CABK' 'COL_1' 'AMS_1' 'ELE_1'
 'GRF' 'MAP_2' 'CIE' 'IBE' 'AENA' 'MEL' 'ACS' 'ROVI' 'ITX' 'FER' 'MRL'
 'NTGY' 'PHM' 'SLR' 'ALM']"
279,2022-02-03,"['BKT' 'ITX' 'NTGY' 'AMS_1' 'CABK' 'IBE' 'MAP_2' 'BBVA' 'PHM' 'CIE' 'ACS'
 'FER' 'ALM' 'SAN_1' 'IAG' 'ANA_2' 'SLR' 'MEL' 'AENA' 'SGRE' 'ROVI'
 'ELE_1' 'MRL' 'COL_1']"
280,2022-02-04,"['IBE' 'NTGY' 'IAG' 'ITX' 'BKT' 'SAN_1' 'AENA' 'COL_1' 'ALM' 'MAP_2' 'PHM'
 'CIE' 'MEL' 'MRL' 'ELE_1' 'ANA_2' 'ACS' 'CABK' 'FER' 'ROVI' 'BBVA'
 'AMS_1']"
281,2022-02-07,"['ITX' 'FER' 'COL_1' 'SAN_1' 'MEL' 'AMS_1' 'ACS' 'PHM' 'SAB' 'AENA'
 'MAP_2' 'BBVA' 'NTGY' 'IAG' 'MRL' 'IBE' 'ALM' 'BKT' 'ELE_1' 'CABK'
 'ANA_2' 'ROVI']"
282,2022-02-08,"['AENA' 'IAG' 'IBE' 'MRL' 'SAN_1' 'ANA_2' 'MAP_2' 'ELE_1' 'FER' 'ACS'
 'COL_1' 'REP' 'MEL' 'BBVA' 'NTGY' 'ITX' 'ALM' 'CABK' 'AMS_1' 'BKT' 'PHM']"
283,2022-02-09,"['MEL' 'IBE' 'ELE_1' 'PHM' 'ITX' 'CABK' 'MRL' 'MAP_2' 'FER' 'REP' 'AENA'
 'BKT' 'AMS_1' 'SAN_1' 'NTGY' 'COL_1' 'ACS' 'ALM' 'CIE' 'IAG' 'BBVA']"
284,2022-02-10,"['CIE' 'AENA' 'IBE' 'CABK' 'BBVA' 'IAG' 'MAP_2' 'ACS' 'FER' 'MEL' 'MRL'
 'NTGY' 'ELE_1' 'PHM' 'ITX' 'SAN_1' 'SAB' 'COL_1' 'BKT' 'ALM' 'AMS_1']"
285,2022-02-11,"['PHM' 'MAP_2' 'FER' 'ITX' 'ALM' 'NTGY' 'MRL' 'IAG' 'ACS' 'COL_1' 'CIE'
 'CABK' 'ELE_1' 'BKT' 'AENA' 'BBVA' 'IBE' 'AMS_1' 'SAN_1' 'MEL']"
286,2022-02-14,"['PHM' 'NTGY' 'BKT' 'ITX' 'MEL' 'ALM' 'ELE_1' 'AMS_1' 'MAP_2' 'CABK' 'MRL'
 'IAG' 'FER' 'IBE' 'AENA' 'ACS']"
287,2022-02-15,"['CABK' 'MEL' 'ALM' 'NTGY' 'IAG' 'MRL' 'BKT' 'AMS_1' 'PHM' 'FER' 'ITX'
 'ACS' 'MAP_2' 'COL_1' 'ELE_1' 'IBE' 'AENA']"
288,2022-02-16,"['NTGY' 'COL_1' 'FER' 'CABK' 'ITX' 'BKT' 'AENA' 'PHM' 'MEL' 'MRL' 'ELE_1'
 'MAP_2' 'IAG' 'AMS_1' 'IBE' 'ALM' 'ACS']"
289,2022-02-17,"['PHM' 'AMS_1' 'MEL' 'CABK' 'MAP_2' 'FER' 'ALM' 'NTGY' 'MRL' 'ELE_1'
 'AENA' 'ITX' 'COL_1' 'IBE' 'BKT' 'ACS' 'ROVI']"
290,2022-02-18,"['AMS_1' 'NTGY' 'IBE' 'CABK' 'ITX' 'PHM' 'AENA' 'FER' 'MAP_2' 'BKT' 'ACS'
 'ELE_1' 'MEL' 'MRL' 'ALM' 'COL_1']"
291,2022-02-21,"['IBE' 'AMS_1' 'BKT' 'CABK' 'MEL' 'ROVI' 'MAP_2' 'ITX' 'ALM' 'MRL' 'FER'
 'ACS' 'AENA' 'ELE_1' 'CLNX' 'PHM']"
292,2022-02-22,"['ITX' 'MAP_2' 'AMS_1' 'IBE' 'ROVI' 'ACS' 'AENA' 'ALM' 'ELE_1' 'MEL'
 'CLNX' 'BKT' 'MRL' 'FER' 'CABK']"
293,2022-02-23,"['AMS_1' 'IBE' 'MEL' 'ITX' 'ACS' 'CLNX' 'BKT' 'MRL' 'ALM' 'ROVI' 'MAP_2'
 'CIE' 'COL_1' 'CABK' 'FER' 'SGRE' 'AENA' 'ELE_1']"
294,2022-02-24,['MEL' 'BKT' 'CLNX' 'ALM' 'ELE_1' 'CABK' 'SLR' 'SGRE' 'IBE']
295,2022-02-25,"['COL_1' 'ELE_1' 'ROVI' 'ANA_2' 'MEL' 'BKT' 'IBE' 'ALM' 'AMS_1' 'CABK'
 'ACS' 'CLNX' 'SLR' 'FER' 'AENA' 'MRL' 'MAP_2' 'SGRE']"
296,2022-02-28,"['IBE' 'ROVI' 'AENA' 'AMS_1' 'ALM' 'MAP_2' 'COL_1' 'ACS' 'GRF' 'MEL' 'SLR'
 'FER' 'CLNX' 'ELE_1' 'BKT' 'CABK' 'SGRE' 'FDR' 'MRL' 'ANA_2']"
297,2022-03-01,"['FER' 'ACS' 'ROVI' 'GRF' 'TEF' 'CABK' 'COL_1' 'PHM' 'ALM' 'SLR' 'FDR'
 'ANA_2' 'SGRE' 'IBE' 'MEL' 'CLNX']"
298,2022-03-02,"['PHM' 'ELE_1' 'GRF' 'ALM' 'ACS' 'SLR' 'MRL' 'ROVI' 'SGRE' 'MAP_2' 'FDR'
 'IBE' 'ANA_2' 'COL_1' 'MEL' 'CABK' 'AMS_1' 'FER' 'TEF' 'CLNX' 'AENA']"
299,2022-03-03,"['SLR' 'COL_1' 'FER' 'CABK' 'ACS' 'MRL' 'SGRE' 'TEF' 'PHM' 'CLNX' 'AMS_1'
 'FDR' 'AENA' 'MEL' 'ALM' 'ROVI']"
300,2022-03-04,['SGRE' 'REP' 'CLNX' 'ALM' 'SLR' 'PHM']
301,2022-03-07,['FER' 'SLR' 'PHM' 'FDR' 'SGRE' 'ALM' 'ANA_2' 'GRF']
302,2022-03-08,['FER' 'GRF' 'PHM' 'SGRE' 'ALM' 'SLR' 'ANA_2']
303,2022-03-09,"['FDR' 'PHM' 'ACS' 'ALM' 'IBE' 'ROVI' 'SLR' 'SGRE' 'CABK' 'FER' 'GRF'
 'ELE_1' 'ANA_2' 'NTGY' 'COL_1']"
304,2022-03-10,['ALM' 'PHM' 'FER' 'SGRE' 'GRF' 'ANA_2' 'SLR' 'CABK']
305,2022-03-11,"['SGRE' 'REP' 'PHM' 'FDR' 'COL_1' 'SLR' 'CABK' 'ROVI' 'IBE' 'ACS' 'ANA_2'
 'GRF' 'FER' 'ALM']"
306,2022-03-14,"['NTGY' 'CABK' 'GRF' 'ROVI' 'COL_1' 'FER' 'ALM' 'PHM' 'REP' 'SGRE' 'ELE_1'
 'ANA_2' 'SLR' 'IBE' 'ACS']"
307,2022-03-15,['ACS' 'ALM' 'REP' 'CABK' 'FER' 'SGRE' 'ANA_2' 'PHM' 'GRF' 'SLR']
308,2022-03-16,"['ACS' 'PHM' 'COL_1' 'REP' 'ANA_2' 'IBE' 'ACX_2' 'FDR' 'SGRE' 'ALM' 'CABK'
 'FER' 'GRF' 'SLR']"
309,2022-03-17,"['NTGY' 'PHM' 'ALM' 'COL_1' 'GRF' 'ACX_2' 'CABK' 'ELE_1' 'FDR' 'ACS' 'IBE'
 'SGRE' 'REP' 'FER' 'SLR' 'ANA_2']"
310,2022-03-18,"['ALM' 'MEL' 'ACS' 'PHM' 'SGRE' 'FDR' 'COL_1' 'GRF' 'CABK' 'IBE' 'ACX_2'
 'ELE_1' 'FER' 'SLR' 'MRL' 'AENA' 'ANA_2' 'NTGY' 'REP']"
311,2022-03-21,"['PHM' 'ANA_2' 'ELE_1' 'SGRE' 'AENA' 'CABK' 'GRF' 'IBE' 'ACX_2' 'COL_1'
 'ALM' 'FER' 'REP' 'SLR' 'FDR' 'ACS' 'NTGY']"
312,2022-03-22,"['PHM' 'AENA' 'MEL' 'AMS_1' 'CABK' 'SGRE' 'NTGY' 'ACX_2' 'ALM' 'FER' 'FDR'
 'ANA_2' 'ELE_1' 'GRF' 'ACS' 'SLR' 'COL_1' 'IBE' 'MRL' 'REP' 'CIE']"
313,2022-03-23,"['IBE' 'NTGY' 'REP' 'ANA_2' 'FER' 'SGRE' 'ACS' 'ALM' 'GRF' 'ACX_2' 'PHM'
 'SLR' 'COL_1' 'FDR']"
314,2022-03-24,"['ACS' 'ANA_2' 'ACX_2' 'IBE' 'FDR' 'FER' 'NTGY' 'GRF' 'SLR' 'ROVI' 'REP'
 'ALM' 'SGRE' 'PHM']"
315,2022-03-25,"['NTGY' 'ANA_2' 'IBE' 'SGRE' 'COL_1' 'REP' 'PHM' 'ROVI' 'GRF' 'ACS' 'FER'
 'CIE' 'SLR' 'FDR' 'ACX_2']"
316,2022-03-28,"['NTGY' 'SLR' 'IBE' 'PHM' 'CIE' 'SGRE' 'ELE_1' 'GRF' 'ACX_2' 'COL_1' 'FDR'
 'MRL' 'ACS' 'FER' 'ANA_2']"
317,2022-03-29,"['GRF' 'FER' 'ELE_1' 'PHM' 'FDR' 'CIE' 'ACX_2' 'CABK' 'SGRE' 'ACS' 'IBE'
 'NTGY' 'MRL' 'SLR' 'ANA_2' 'COL_1']"
318,2022-03-30,"['ELE_1' 'CIE' 'FDR' 'MRL' 'ROVI' 'GRF' 'IBE' 'NTGY' 'ACS' 'SGRE' 'PHM'
 'COL_1' 'ACX_2' 'SLR' 'ANA_2' 'FER' 'AENA']"
319,2022-03-31,"['ANA_2' 'ELE_1' 'PHM' 'IBE' 'SLR' 'ACS' 'ACX_2' 'FDR' 'COL_1' 'ROVI'
 'SGRE' 'GRF' 'CIE' 'FER' 'NTGY']"
320,2022-04-01,"['FDR' 'SLR' 'FER' 'GRF' 'PHM' 'ANA_2' 'ELE_1' 'ACX_2' 'ROVI' 'IBE' 'NTGY'
 'ACS' 'CIE' 'COL_1' 'SGRE']"
321,2022-04-04,"['ANA_2' 'NTGY' 'IBE' 'MAP_2' 'MRL' 'COL_1' 'PHM' 'CIE' 'REP' 'FDR' 'ALM'
 'ROVI' 'ACX_2' 'ELE_1' 'SGRE' 'GRF' 'SLR' 'ACS' 'FER']"
322,2022-04-05,"['FDR' 'ACX_2' 'NTGY' 'CABK' 'AENA' 'MRL' 'SGRE' 'ROVI' 'GRF' 'PHM'
 'COL_1' 'ANA_2' 'ACS' 'CIE' 'FER' 'REP']"
323,2022-04-06,"['ROVI' 'SGRE' 'PHM' 'CIE' 'GRF' 'COL_1' 'REP' 'MAP_2' 'ALM' 'ANA_2'
 'NTGY' 'ACS' 'FER' 'FDR']"
324,2022-04-07,"['MAP_2' 'COL_1' 'REP' 'CABK' 'ANA_2' 'IBE' 'PHM' 'FDR' 'MRL' 'ACX_2'
 'FER' 'ACS' 'ROVI' 'SLR' 'AENA' 'GRF' 'SGRE']"
325,2022-04-08,"['SLR' 'MRL' 'ACX_2' 'SGRE' 'CIE' 'ACS' 'CABK' 'PHM' 'IBE' 'ANA_2' 'FER'
 'FDR' 'GRF' 'ROVI' 'REP' 'COL_1' 'MAP_2']"
326,2022-04-11,"['CIE' 'FER' 'ANA_2' 'GRF' 'IBE' 'SLR' 'MAP_2' 'PHM' 'COL_1' 'REP' 'CABK'
 'ACS' 'ACX_2']"
327,2022-04-12,"['ACX_2' 'REP' 'SLR' 'AENA' 'CABK' 'IBE' 'MRL' 'MAP_2' 'TEF' 'PHM' 'COL_1'
 'CLNX' 'ACS' 'ROVI' 'FDR' 'GRF']"
328,2022-04-13,"['ACS' 'COL_1' 'REP' 'MAP_2' 'SLR' 'CABK' 'ACX_2' 'IBE' 'PHM' 'CIE' 'TEF'
 'ALM' 'CLNX']"
329,2022-04-14,['REP' 'ACX_2' 'CABK' 'MRL' 'ACS' 'CIE' 'GRF' 'ROVI' 'SLR' 'CLNX']
330,2022-04-19,"['MRL' 'ITX' 'AMS_1' 'IAG' 'FDR' 'SGRE' 'MEL' 'ACX_2' 'AENA' 'ACS' 'GRF'
 'REP' 'CABK' 'ROVI' 'MTS' 'SLR' 'CLNX']"
331,2022-04-20,"['CLNX' 'ACX_2' 'SLR' 'ROVI' 'ITX' 'REP' 'CABK' 'BKT' 'MTS' 'AMS_1' 'GRF'
 'IAG' 'SGRE' 'FDR']"
332,2022-04-21,"['IAG' 'REP' 'ACX_2' 'BKT' 'AMS_1' 'GRF' 'MTS' 'SLR' 'ITX' 'FDR' 'CABK'
 'CLNX' 'ROVI']"
333,2022-04-22,"['IAG' 'AMS_1' 'CABK' 'GRF' 'ROVI' 'REP' 'CLNX' 'ACX_2' 'SLR' 'MEL' 'BKT'
 'FDR']"
334,2022-04-25,"['GRF' 'FDR' 'CABK' 'CLNX' 'SGRE' 'BKT' 'IAG' 'ITX' 'SLR' 'ACX_2' 'ROVI'
 'AMS_1']"
335,2022-04-26,['GRF' 'IAG' 'AMS_1' 'CLNX' 'ACX_2' 'FDR' 'CABK' 'ITX' 'SLR' 'ROVI']
336,2022-04-27,['SLR' 'ITX' 'ACX_2' 'ROVI' 'FDR' 'CLNX' 'IAG' 'GRF' 'CABK' 'AMS_1']
337,2022-04-28,['ROVI' 'ITX' 'ACX_2' 'IAG' 'GRF' 'CABK' 'SLR' 'REP' 'AMS_1' 'FDR' 'CLNX']
338,2022-04-29,['FDR' 'ITX' 'CABK' 'ACX_2' 'SLR' 'IAG' 'CLNX' 'ROVI' 'AMS_1' 'REP' 'GRF']
339,2022-05-02,['GRF' 'ITX' 'IAG' 'AMS_1' 'SLR' 'ROVI' 'CLNX' 'ACX_2']
340,2022-05-03,['ACX_2' 'AMS_1' 'ROVI' 'GRF' 'SLR' 'CABK' 'REP' 'IAG' 'CLNX' 'ITX']
341,2022-05-04,"['IAG' 'GRF' 'CLNX' 'PHM' 'ROVI' 'MEL' 'COL_1' 'REP' 'SLR' 'ITX' 'CABK'
 'AMS_1' 'MRL' 'ACX_2']"
342,2022-05-05,"['ITX' 'GRF' 'PHM' 'CLNX' 'AMS_1' 'ROVI' 'IAG' 'REP' 'MEL' 'MRL' 'SLR'
 'COL_1']"
343,2022-05-06,"['COL_1' 'AMS_1' 'ROVI' 'MEL' 'ACX_2' 'MRL' 'SLR' 'CABK' 'PHM' 'AENA'
 'CLNX' 'ITX' 'FER' 'GRF' 'BKT']"
344,2022-05-09,"['ACX_2' 'ITX' 'SLR' 'MEL' 'ACS' 'BKT' 'CABK' 'COL_1' 'FER' 'IBE' 'GRF'
 'AMS_1' 'MRL' 'AENA']"
345,2022-05-10,"['SLR' 'AENA' 'ITX' 'ACS' 'IBE' 'CABK' 'COL_1' 'MRL' 'BKT' 'MEL' 'FER'
 'AMS_1' 'GRF' 'ACX_2']"
346,2022-05-11,"['SLR' 'BKT' 'ITX' 'AMS_1' 'COL_1' 'ACS' 'GRF' 'AENA' 'FER' 'IBE' 'ACX_2'
 'MEL' 'CABK' 'MRL' 'PHM' 'CLNX']"
347,2022-05-12,"['ITX' 'MRL' 'FER' 'AENA' 'NTGY' 'COL_1' 'MEL' 'IBE' 'SLR' 'ACS' 'ACX_2'
 'GRF' 'AMS_1']"
348,2022-05-13,"['COL_1' 'GRF' 'MRL' 'ITX' 'ACS' 'ACX_2' 'CABK' 'AENA' 'IBE' 'NTGY' 'FER'
 'MEL' 'AMS_1' 'SLR']"
349,2022-05-16,"['AENA' 'ACX_2' 'COL_1' 'ITX' 'SLR' 'MEL' 'GRF' 'PHM' 'IBE' 'FER' 'MRL'
 'CABK' 'ACS' 'AMS_1' 'NTGY']"
350,2022-05-17,"['AMS_1' 'IDR' 'IBE' 'GRF' 'AENA' 'MEL' 'ACS' 'MRL' 'FER' 'SLR' 'ACX_2'
 'NTGY' 'COL_1' 'CABK' 'ITX']"
351,2022-05-18,"['IBE' 'AENA' 'CABK' 'MRL' 'SGRE' 'COL_1' 'ACX_2' 'FER' 'SLR' 'GRF' 'ACS'
 'ITX' 'BKT' 'MEL' 'AMS_1']"
352,2022-05-19,"['AMS_1' 'IBE' 'MRL' 'FER' 'ACX_2' 'AENA' 'GRF' 'MEL' 'ITX' 'SLR' 'COL_1'
 'ACS' 'CABK']"
353,2022-05-20,"['IBE' 'BKT' 'ITX' 'IDR' 'CABK' 'AENA' 'SGRE' 'GRF' 'ACX_2' 'COL_1'
 'AMS_1' 'MEL' 'FER']"
354,2022-05-23,"['FER' 'SGRE' 'GRF' 'ITX' 'AMS_1' 'BKT' 'ACX_2' 'SLR' 'IBE' 'CABK' 'COL_1'
 'AENA' 'MEL']"
355,2022-05-24,"['IBE' 'COL_1' 'MEL' 'ACX_2' 'BKT' 'SLR' 'SGRE' 'GRF' 'AMS_1' 'FER' 'AENA'
 'CABK' 'ITX']"
356,2022-05-25,"['SLR' 'ACX_2' 'AENA' 'GRF' 'SGRE' 'MEL' 'CABK' 'COL_1' 'FER' 'AMS_1'
 'BKT' 'ITX']"
357,2022-05-26,"['SLR' 'ACX_2' 'AMS_1' 'COL_1' 'FER' 'GRF' 'AENA' 'BKT' 'SGRE' 'ITX'
 'CABK' 'MEL']"
358,2022-05-27,"['BKT' 'ACX_2' 'CABK' 'AENA' 'MEL' 'AMS_1' 'ITX' 'SGRE' 'FER' 'COL_1'
 'SLR' 'GRF']"
359,2022-05-30,"['ITX' 'GRF' 'AENA' 'BKT' 'SGRE' 'CABK' 'SLR' 'AMS_1' 'COL_1' 'FER' 'MEL'
 'ACX_2']"
360,2022-05-31,"['GRF' 'AENA' 'MEL' 'COL_1' 'ACX_2' 'FER' 'SLR' 'AMS_1' 'SGRE' 'CABK'
 'ITX' 'BKT']"
361,2022-06-01,"['GRF' 'TEF' 'MEL' 'BKT' 'ACX_2' 'AENA' 'COL_1' 'SGRE' 'CABK' 'ITX'
 'AMS_1' 'FER']"
362,2022-06-02,"['TEF' 'GRF' 'CABK' 'ACX_2' 'FER' 'ITX' 'BKT' 'SLR' 'COL_1' 'SGRE' 'AENA'
 'MEL']"
363,2022-06-03,['COL_1' 'TEF' 'ITX' 'GRF' 'BKT' 'SGRE' 'MEL' 'CABK' 'ACX_2' 'AENA']
364,2022-06-06,['TEF' 'MEL' 'AENA' 'COL_1' 'ACX_2' 'BKT' 'ITX' 'SGRE' 'CABK' 'GRF']
365,2022-06-07,"['BKT' 'SLR' 'GRF' 'COL_1' 'AMS_1' 'CABK' 'TEF' 'ACX_2' 'MEL' 'REP' 'AENA'
 'ITX' 'PHM']"
366,2022-06-08,"['BKT' 'PHM' 'GRF' 'COL_1' 'CABK' 'TEF' 'REP' 'AENA' 'ACX_2' 'AMS_1' 'MEL'
 'SLR']"
367,2022-06-09,"['CLNX' 'AENA' 'ACS' 'BKT' 'PHM' 'MEL' 'COL_1' 'TEF' 'REP' 'CABK' 'AMS_1'
 'GRF' 'SLR' 'ACX_2']"
368,2022-06-10,"['MEL' 'PHM' 'IBE' 'MRL' 'ACS' 'FER' 'ACX_2' 'SLR' 'AENA' 'CABK' 'TEF'
 'GRF' 'COL_1' 'NTGY' 'ITX']"
369,2022-06-13,"['ITX' 'TEF' 'ANA_2' 'GRF' 'AENA' 'NTGY' 'ACX_2' 'ACS' 'IBE' 'FER' 'SLR'
 'MRL' 'CABK']"
370,2022-06-14,"['ELE_1' 'ACX_2' 'GRF' 'ACS' 'ITX' 'TEF' 'NTGY' 'CABK' 'ANA_2' 'MRL'
 'AENA' 'FER' 'IBE']"
371,2022-06-15,"['ITX' 'ACS' 'IBE' 'ELE_1' 'FER' 'CABK' 'ACX_2' 'ANA_2' 'TEF' 'NTGY' 'MRL'
 'GRF']"
372,2022-06-16,"['ITX' 'MRL' 'IBE' 'ACX_2' 'TEF' 'NTGY' 'SLR' 'FER' 'ANA_2' 'GRF' 'CABK'
 'ACS' 'ELE_1']"
373,2022-06-17,"['ACX_2' 'ITX' 'ELE_1' 'NTGY' 'CABK' 'IBE' 'GRF' 'FER' 'ACS' 'TEF' 'ANA_2'
 'BKT']"
374,2022-06-20,['COL_1' 'NTGY' 'SLR' 'BKT' 'ANA_2' 'CABK' 'ACX_2' 'IAG' 'ACS' 'GRF' 'TEF']
375,2022-06-21,"['MEL' 'ACS' 'TEF' 'COL_1' 'BKT' 'GRF' 'ACX_2' 'ANA_2' 'CABK' 'IAG' 'SLR'
 'NTGY']"
376,2022-06-22,['ELE_1' 'BKT' 'CABK' 'TEF' 'ACX_2' 'GRF' 'ACS' 'COL_1' 'ANA_2' 'NTGY']
377,2022-06-23,['ACS' 'TEF' 'ACX_2' 'IAG' 'ROVI' 'BKT' 'ANA_2' 'CABK' 'COL_1' 'SLR' 'GRF']
378,2022-06-24,['ACS' 'TEF' 'IDR' 'IAG' 'SLR' 'ANA_2' 'ACX_2' 'GRF' 'CABK' 'COL_1' 'ROVI']
379,2022-06-27,"['ACX_2' 'SLR' 'CABK' 'ACS' 'GRF' 'ANA_2' 'IDR' 'ROVI' 'COL_1' 'TEF' 'FDR'
 'IAG' 'ITX']"
380,2022-06-28,"['ANA_2' 'ITX' 'ACS' 'CABK' 'FDR' 'TEF' 'ROVI' 'IDR' 'IAG' 'SLR' 'GRF'
 'COL_1' 'BKT' 'ACX_2']"
381,2022-06-29,"['ANA_2' 'AENA' 'TEF' 'BKT' 'MRL' 'ROVI' 'ACX_2' 'CABK' 'IDR' 'GRF' 'ACS'
 'ITX']"
382,2022-06-30,['AENA' 'MRL' 'GRF' 'TEF' 'ANA_2' 'BKT' 'IDR' 'ITX' 'CABK' 'ACX_2' 'ROVI']
383,2022-07-01,['ANA_2' 'CABK' 'IDR' 'GRF' 'MRL' 'ROVI' 'ITX' 'TEF' 'ACX_2']
384,2022-07-04,['GRF' 'ITX' 'ACX_2' 'MRL' 'IDR' 'ROVI' 'ANA_2' 'TEF' 'CABK']
385,2022-07-05,['ANA_2' 'ITX' 'TEF' 'ENG' 'MRL' 'NTGY' 'GRF' 'ROVI']
386,2022-07-06,['TEF' 'ITX' 'ANA_2' 'MRL' 'NTGY']
387,2022-07-07,['ITX' 'TEF' 'ENG' 'NTGY' 'MRL' 'ANA_2' 'ROVI']
388,2022-07-08,['MRL' 'ENG' 'ROVI' 'ANA_2' 'NTGY' 'ITX' 'TEF']
389,2022-07-11,['ITX' 'SLR' 'ROVI' 'NTGY' 'MRL' 'ANA_2' 'TEF']
390,2022-07-12,['ANA_2' 'TEF' 'NTGY' 'ITX' 'CLNX' 'MRL']
391,2022-07-13,['ANA_2' 'ENG' 'ITX' 'NTGY' 'ROVI' 'SLR' 'MRL' 'AMS_1' 'TEF' 'CLNX']
392,2022-07-14,['NTGY' 'TEF' 'CLNX' 'MRL' 'ITX']
393,2022-07-15,['ITX' 'TEF' 'NTGY' 'MRL' 'CLNX' 'AMS_1']
394,2022-07-18,['NTGY' 'MRL' 'TEF' 'ITX' 'CLNX']
395,2022-07-19,['MRL' 'ITX' 'ROVI' 'IAG' 'CLNX' 'NTGY' 'AMS_1' 'TEF' 'PHM']
396,2022-07-20,['AMS_1' 'NTGY' 'TEF' 'ITX' 'MRL' 'CLNX']
397,2022-07-21,['NTGY' 'ITX' 'CLNX' 'AMS_1' 'TEF']
398,2022-07-22,['ROVI' 'COL_1' 'ELE_1' 'ENG']
399,2022-07-25,['ELE_1' 'IAG' 'ENG']
400,2022-07-26,['ANA_2' 'ENG' 'AENA' 'PHM' 'SLR' 'IAG']
401,2022-07-27,['ANA_2' 'MEL' 'IAG' 'PHM' 'SLR' 'ENG' 'ELE_1']
402,2022-07-28,['ANA_2' 'IAG' 'MEL' 'PHM' 'ROVI' 'AENA' 'ACX_2' 'SLR']
403,2022-07-29,['ANA_2' 'ACX_2' 'SLR' 'AENA' 'IAG' 'PHM' 'MEL' 'ROVI']
404,2022-08-01,['ACS' 'ENG' 'MEL' 'IAG' 'ITX' 'ACX_2' 'PHM' 'ROVI']
405,2022-08-02,['IAG' 'ACS' 'ENG' 'ROVI' 'ITX' 'MEL']
406,2022-08-03,['ITX' 'TEF' 'IAG' 'ACS' 'MEL' 'ENG' 'ACX_2']
407,2022-08-04,['ITX' 'ACX_2' 'ACS' 'SLR' 'MEL' 'PHM' 'MRL' 'IAG']
408,2022-08-05,['ENG' 'TEF' 'SLR' 'ACX_2' 'MRL' 'ACS' 'IAG' 'MEL' 'ITX']
409,2022-08-08,['SLR' 'IAG' 'MRL' 'MEL' 'ACS' 'TEF' 'ACX_2']
410,2022-08-09,['ACX_2' 'ACS' 'ENG' 'TEF' 'MRL' 'MEL' 'IAG']
411,2022-08-10,['IDR' 'ACS' 'TEF' 'ACX_2' 'MEL' 'SLR']
412,2022-08-11,['FDR' 'MTS' 'SLR' 'ACX_2' 'ACS' 'SCYR_2' 'IDR' 'TEF']
413,2022-08-12,['SLR' 'ACX_2' 'TEF' 'IDR']
414,2022-08-15,['ACX_2' 'ANA_2' 'IDR' 'TEF']
415,2022-08-16,['IDR' 'FDR' 'TEF' 'BBVA' 'REP' 'ROVI' 'MTS']
416,2022-08-17,['CABK' 'IDR' 'MTS' 'ROVI' 'BBVA' 'REP' 'FDR' 'MRL']
417,2022-08-18,['CABK' 'REP' 'FDR' 'MRL' 'ROVI' 'BBVA' 'TEF' 'IDR' 'MTS']
418,2022-08-19,['CABK' 'MRL' 'TEF' 'IDR' 'REP' 'COL_1']
419,2022-08-22,['MRL' 'TEF' 'REP' 'COL_1' 'ACX_2' 'CABK' 'IDR']
420,2022-08-23,['REP' 'IAG' 'ACX_2' 'CABK' 'MRL' 'SCYR_2' 'BKT' 'COL_1' 'IDR' 'TEF']
421,2022-08-24,['TEF' 'SCYR_2' 'MRL' 'IAG' 'REP' 'IDR' 'BKT' 'CABK' 'ACX_2' 'COL_1']
422,2022-08-25,"['IDR' 'FDR' 'ROVI' 'MTS' 'ACX_2' 'COL_1' 'PHM' 'SCYR_2' 'BKT' 'CABK'
 'MRL' 'IAG']"
423,2022-08-26,"['COL_1' 'ACX_2' 'BKT' 'ROVI' 'MTS' 'CABK' 'MRL' 'TEF' 'REP' 'IDR' 'IAG'
 'SCYR_2']"
424,2022-08-29,"['BKT' 'MRL' 'IAG' 'ROVI' 'TEF' 'ACX_2' 'SCYR_2' 'CABK' 'IDR' 'COL_1'
 'MTS' 'REP']"
425,2022-08-30,['ACX_2' 'IAG' 'MTS' 'BKT' 'MRL' 'IDR' 'SCYR_2' 'TEF' 'CABK' 'COL_1' 'REP']
426,2022-08-31,['ACX_2' 'TEF' 'BKT' 'REP' 'MRL' 'SCYR_2' 'IDR' 'COL_1' 'CABK' 'IAG']
427,2022-09-01,"['AMS_1' 'CABK' 'COL_1' 'TEF' 'ITX' 'ACX_2' 'MEL' 'MRL' 'BKT' 'REP' 'IAG'
 'SCYR_2']"
428,2022-09-02,['SCYR_2' 'CABK' 'AMS_1' 'MRL' 'COL_1' 'MEL' 'ACX_2' 'REP' 'IAG']
429,2022-09-05,"['SCYR_2' 'MEL' 'COL_1' 'AMS_1' 'CABK' 'MRL' 'ITX' 'REP' 'ACX_2' 'SLR'
 'IAG']"
430,2022-09-06,['MEL' 'IAG' 'SCYR_2' 'REP' 'ACX_2' 'MRL' 'CABK' 'AMS_1' 'ITX' 'COL_1']
431,2022-09-07,['SCYR_2' 'ACX_2' 'ITX' 'CABK' 'MRL' 'COL_1' 'AMS_1' 'REP' 'TEF' 'SLR']
432,2022-09-08,"['SAB' 'IAG' 'ITX' 'ACX_2' 'CABK' 'COL_1' 'REP' 'SLR' 'GRF' 'PHM' 'SCYR_2'
 'AMS_1' 'MRL' 'ROVI']"
433,2022-09-09,"['PHM' 'SAB' 'SCYR_2' 'MRL' 'REP' 'ROVI' 'ITX' 'AMS_1' 'COL_1' 'CABK'
 'ACX_2']"
434,2022-09-12,['IDR' 'COL_1' 'AMS_1' 'ACX_2' 'MRL' 'SAB' 'ROVI' 'MEL' 'IAG' 'FDR']
435,2022-09-13,"['ACX_2' 'REP' 'MRL' 'AMS_1' 'ITX' 'COL_1' 'CLNX' 'SAB' 'IDR' 'ROVI' 'PHM'
 'FDR']"
436,2022-09-14,"['COL_1' 'GRF' 'IDR' 'MRL' 'REP' 'ROVI' 'AMS_1' 'SAB' 'CLNX' 'ITX' 'ACX_2'
 'PHM']"
437,2022-09-15,"['ROVI' 'AMS_1' 'SAB' 'ITX' 'CLNX' 'GRF' 'IDR' 'MRL' 'ACX_2' 'IAG' 'PHM'
 'REP' 'COL_1']"
438,2022-09-16,"['ITX' 'AMS_1' 'GRF' 'MRL' 'IAG' 'ROVI' 'REP' 'COL_1' 'ACX_2' 'IDR' 'CLNX'
 'PHM' 'SAB']"
439,2022-09-19,"['REP' 'ROVI' 'GRF' 'CLNX' 'AMS_1' 'PHM' 'MRL' 'ITX' 'IDR' 'COL_1' 'IAG'
 'ACX_2' 'SAB']"
440,2022-09-20,"['ACX_2' 'REP' 'ROVI' 'ITX' 'MRL' 'SCYR_2' 'PHM' 'COL_1' 'AMS_1' 'SAB'
 'IDR' 'GRF']"
441,2022-09-21,"['MRL' 'GRF' 'REP' 'ACX_2' 'SCYR_2' 'ROVI' 'AMS_1' 'SAB' 'ITX' 'IDR' 'PHM'
 'COL_1']"
442,2022-09-22,['GRF' 'AMS_1' 'ITX' 'REP' 'SAB' 'PHM' 'MRL' 'IDR' 'SCYR_2' 'ACX_2']
443,2022-09-23,['SLR' 'PHM' 'SCYR_2' 'SAB' 'ACX_2' 'IDR' 'MRL']
444,2022-09-26,['ACX_2' 'ITX' 'IDR' 'SAB' 'PHM' 'TEF' 'MRL' 'ROVI' 'SCYR_2']
445,2022-09-27,['SAB' 'ACX_2' 'TEF' 'SCYR_2' 'IDR']
446,2022-09-28,['SCYR_2' 'MRL' 'ITX' 'ACX_2' 'TEF' 'PHM' 'IDR' 'SAB']
447,2022-09-29,['IDR' 'SCYR_2' 'TEF' 'ACX_2' 'SAB']
448,2022-09-30,['TEF' 'SAB' 'ACX_2' 'PHM' 'ROVI' 'SCYR_2' 'IDR']
449,2022-10-03,['IDR' 'ACX_2' 'ROVI' 'TEF' 'SCYR_2' 'SAB']
450,2022-10-04,['AMS_1' 'SAB' 'IDR' 'FDR' 'ITX' 'ACX_2' 'TEF' 'MRL' 'SCYR_2' 'IAG']
451,2022-10-05,['SAB' 'IDR' 'MRL' 'ITX' 'ROVI' 'ACX_2' 'TEF' 'IAG' 'SCYR_2']
452,2022-10-06,['SCYR_2' 'IAG' 'SAB' 'ROVI' 'MRL' 'ACX_2' 'TEF' 'ITX' 'IDR']
453,2022-10-07,['ACX_2' 'SAB' 'TEF' 'ITX' 'IAG' 'IDR' 'MRL' 'SCYR_2' 'ROVI']
454,2022-10-10,['IAG' 'AMS_1' 'ROVI' 'MRL' 'SCYR_2' 'TEF' 'IDR' 'SAB' 'ITX' 'ACX_2']
455,2022-10-11,['SAB' 'MRL' 'AMS_1' 'ACX_2' 'IAG' 'ITX' 'ROVI' 'IDR' 'SCYR_2' 'TEF']
456,2022-10-12,['MRL' 'SCYR_2' 'SAB' 'IDR' 'ROVI' 'ACX_2' 'TEF' 'ITX' 'IAG']
457,2022-10-13,['SAB' 'SAN_1' 'ITX' 'SCYR_2' 'IAG' 'FDR' 'MRL' 'TEF']
458,2022-10-14,['IAG' 'SAN_1' 'ROVI' 'SCYR_2' 'ITX' 'TEF' 'SAB' 'MRL']
459,2022-10-17,['MTS' 'TEF' 'MRL' 'BBVA' 'SAN_1' 'IAG' 'SAB']
460,2022-10-18,['MRL' 'SLR' 'BBVA' 'IAG' 'MTS' 'FDR' 'TEF' 'SAN_1' 'SAB']
461,2022-10-19,['SAB' 'TEF' 'IAG' 'MTS' 'SAN_1' 'BBVA' 'MRL']
462,2022-10-20,['CLNX' 'COL_1' 'IAG' 'MEL' 'MRL' 'BBVA' 'TEF' 'SAB' 'MTS' 'SAN_1']
463,2022-10-21,['TEF' 'BBVA' 'SAB' 'MRL' 'MTS' 'SAN_1' 'IAG']
464,2022-10-24,['SAB' 'MTS' 'SAN_1' 'IAG' 'BBVA' 'TEF']
465,2022-10-25,['CLNX' 'SAN_1' 'MEL' 'MTS' 'TEF' 'SAB' 'BBVA']
466,2022-10-26,['SAN_1' 'SAB' 'TEF' 'MTS' 'COL_1' 'CLNX' 'BBVA']
467,2022-10-27,['COL_1' 'MTS' 'SAN_1' 'BBVA' 'CLNX' 'SAB' 'TEF']
468,2022-10-28,['MTS' 'COL_1' 'TEF' 'CLNX' 'SAB' 'BBVA' 'SAN_1']
469,2022-10-31,['TEF' 'BBVA' 'MTS' 'SAN_1' 'SAB' 'CLNX']
470,2022-11-01,['TEF' 'SAB' 'MTS' 'COL_1' 'BBVA' 'SAN_1']
471,2022-11-02,['SAB' 'SAN_1' 'COL_1' 'MTS' 'BBVA' 'TEF']
472,2022-11-03,['CLNX' 'SAB' 'SAN_1' 'BBVA' 'TEF' 'MTS' 'COL_1' 'SLR']
473,2022-11-04,['SAN_1' 'BBVA' 'SAB' 'SLR' 'TEF']
474,2022-11-07,['TEF' 'SAB']
475,2022-11-08,['TEF']
476,2022-11-09,['TEF']
477,2022-11-10,['FDR']
478,2022-11-11,['FDR']
479,2022-11-15,['FDR']
480,2022-11-16,['FDR']
481,2022-11-17,['FDR']
482,2022-11-18,['FDR']
483,2022-11-21,['FDR']
484,2022-11-22,['FDR']
485,2022-11-23,['ROVI']
486,2022-11-24,['ROVI']
487,2022-11-25,['ROVI']
488,2022-11-28,['ROVI']
489,2022-11-29,['ROVI']
490,2022-11-30,['ROVI']
491,2022-12-01,['ROVI']
492,2022-12-02,['ROVI']
493,2022-12-05,['ROVI']
494,2022-12-06,['ROVI']
495,2022-12-07,['ROVI']
496,2022-12-08,['ROVI']
497,2022-12-09,['ROVI']
498,2022-12-12,['ROVI']
499,2022-12-13,['ROVI']
500,2022-12-14,['ROVI']
501,2023-03-10,['SAB']
502,2023-03-13,['SAN_1' 'BBVA' 'BKT' 'SAB']
503,2023-03-14,['BBVA' 'SAB' 'SAN_1']
504,2023-03-15,['REP' 'SAN_1' 'BKT' 'SAB' 'MTS' 'BBVA']
505,2023-03-16,['BBVA' 'SAB' 'MTS' 'SAN_1' 'BKT']
506,2023-03-17,['SAN_1' 'BBVA' 'MTS' 'REP' 'SAB' 'BKT']
507,2023-03-20,['REP' 'BBVA' 'MTS' 'SAB' 'BKT' 'SAN_1']
508,2023-03-21,['BBVA' 'SAB' 'SAN_1' 'BKT' 'MTS' 'REP']
509,2023-03-22,['REP' 'SAN_1' 'BBVA' 'SAB' 'BKT' 'MTS']
510,2023-03-23,['MTS' 'BKT' 'SAN_1' 'REP' 'BBVA' 'SAB']
511,2023-03-24,['SAN_1' 'SAB' 'BBVA' 'REP' 'BKT' 'MTS']
512,2023-03-27,['BKT' 'REP' 'SAN_1' 'MTS' 'BBVA' 'SAB']
513,2023-03-28,['SAB' 'BBVA' 'BKT' 'REP' 'SAN_1' 'MTS']
514,2023-03-29,['SAN_1' 'MTS' 'BBVA' 'BKT' 'SAB' 'REP']
515,2023-03-30,['SAB' 'SAN_1' 'BBVA' 'BKT' 'REP' 'MTS']
516,2023-03-31,['SAB' 'BBVA' 'REP' 'BKT' 'SAN_1' 'MTS']
517,2023-04-03,['MTS' 'BKT' 'REP' 'BBVA' 'SAB' 'SAN_1']
518,2023-04-04,['SAB' 'BKT' 'BBVA' 'MTS' 'REP' 'SAN_1']
519,2023-04-05,['MTS' 'SAB' 'REP' 'BKT' 'BBVA' 'SAN_1']
520,2023-04-06,['BBVA' 'REP' 'SAN_1' 'SAB' 'BKT' 'MTS']
521,2023-04-11,['MTS' 'SAN_1' 'REP' 'BBVA' 'BKT' 'SAB']
522,2023-04-12,['REP' 'BBVA' 'SAB' 'MTS' 'SAN_1' 'BKT']
523,2023-04-13,['REP' 'MTS' 'SAN_1' 'SAB' 'BBVA' 'BKT']
524,2023-04-14,['REP' 'BBVA' 'BKT' 'MTS' 'SAN_1' 'SAB']
525,2023-04-17,['SAB' 'BBVA' 'MTS' 'SAN_1' 'BKT' 'REP']
526,2023-04-18,['MTS' 'BBVA' 'SAB' 'BKT' 'REP' 'SAN_1']
527,2023-04-19,['BBVA' 'SAB' 'SAN_1' 'BKT' 'REP' 'MTS']
528,2023-04-20,['REP' 'BBVA' 'MTS' 'BKT' 'SAB' 'SAN_1']
529,2023-04-21,['MTS' 'BKT' 'REP' 'SAB' 'SAN_1' 'BBVA']
530,2023-04-24,['BBVA' 'SAB' 'BKT' 'MTS' 'SAN_1' 'REP']
531,2023-04-25,['SAN_1' 'MTS' 'SAB' 'BKT' 'REP' 'BBVA']
532,2023-04-26,['BBVA' 'SAN_1' 'SAB']
533,2023-04-27,['SAB' 'SAN_1' 'BBVA']
534,2023-04-28,['BBVA' 'SAB' 'SAN_1']
535,2023-05-02,['SAN_1' 'BBVA' 'SAB']
536,2023-05-03,['SAB' 'BBVA' 'SAN_1']
537,2023-05-04,['SAB' 'SAN_1' 'BBVA']
538,2023-05-05,['SAB' 'BBVA' 'SAN_1']
539,2023-05-08,['SAB' 'BBVA']
540,2023-05-09,['BBVA' 'SAN_1' 'SAB']
541,2023-05-10,['SAB']
542,2023-05-11,['BBVA' 'SAN_1' 'SAB']
543,2023-05-12,['SAB' 'BBVA']
544,2023-05-15,['SAB' 'BBVA']
545,2023-05-16,['SAB' 'BBVA']
546,2023-05-17,['BBVA' 'SAB' 'SAN_1']
547,2023-05-18,['BBVA' 'SAN_1' 'SAB']
548,2023-05-19,['SAB']
549,2023-05-22,['SAB' 'SAN_1']
550,2023-05-23,['SAB']
551,2023-05-24,['SAB']
552,2023-05-25,['BBVA' 'SAB']
553,2023-05-26,['SAB' 'BBVA' 'SAN_1']
554,2023-05-29,['SAB' 'BBVA']
555,2023-05-30,['SAB']
556,2023-05-31,['SAB' 'BBVA']
557,2023-06-01,['SAB' 'BBVA']
558,2023-06-02,['SAB' 'BBVA']
559,2023-06-05,['BBVA' 'SAB']
560,2023-06-06,['SAB' 'BBVA']
561,2023-06-07,['SAB']
562,2023-06-08,['SAB' 'BBVA']
563,2023-06-09,['BBVA' 'SAB']
564,2023-06-12,['SAB' 'BBVA']
